data;horario;n_da_ocorrencia;tipo_de_ocorrencia;km;trecho;sentido;tipo_de_acidente;automovel;bicicleta;caminhao;moto;onibus;outros;tracao_animal;transporte_de_cargas_especiais;trator_maquinas;utilitarios;ilesos;levemente_feridos;moderadamente_feridos;gravemente_feridos;mortos
"01/04/2024";"02:22:12";"28";"Sem vítima";"48,320";"BR-277/PR";"Crescente";"Choque";0;0;1;0;0;0;0;0;0;0;1;0;0;0;0
"01/04/2024";"03:39:00";"31";"Sem vítima";"18,550";"BR-277/PR";"Crescente";"Saída de pista";1;0;0;0;0;0;0;0;0;0;2;0;0;0;0
"01/04/2024";"05:55:49";"70";"Sem vítima";"20,460";"BR-153/PR";"Decrescente";"Colisão lateral no mesmo sentido";1;0;0;0;0;0;0;0;0;1;3;0;0;0;0
"01/04/2024";"08:46:33";"121";"Sem vítima";"13,145";"508/PR";"Crescente";"Capotamento";1;0;0;0;0;0;0;0;0;0;1;0;0;0;0
"01/04/2024";"09:23:00";"129";"Com vítima";"22,275";"BR-277/PR";"Decrescente";"Capotamento";1;0;0;0;0;0;0;0;0;0;0;0;0;0;0
"01/04/2024";"02:59:42";"177";"Com vítima";"9,150";"BR-277/PR";"Crescente";"Choque";1;0;0;0;0;0;0;0;0;0;0;0;0;0;0
"01/04/2024";"03:30:00";"184";"Com vítima";"7,900";"BR-277/PR";"Crescente";"Capotamento";1;0;0;0;0;0;0;0;0;0;1;0;0;0;0
"02/04/2024";"02:35:16";"15";"Com vítima";"38,634";"BR-153/PR";"Decrescente";"Queda de moto";0;0;0;1;0;0;0;0;0;0;0;0;0;0;0
"02/04/2024";"03:03:00";"147";"Com vítima";"31,200";"BR-277/PR";"Crescente";"Queda de moto";0;0;0;1;0;0;0;0;0;0;0;0;0;0;0
"02/04/2024";"07:25:00";"170";"Sem vítima";"49,080";"BR-277/PR";"Crescente";"Choque";1;0;0;0;0;0;0;0;0;0;1;0;0;0;0
"03/04/2024";"03:09:00";"13";"Com vítima";"71,060";"BR-277/PR";"Crescente";"Atropelamento de pedestre";0;0;1;0;0;0;0;0;0;0;1;0;0;0;0
"04/04/2024";"03:25:11";"25";"Sem vítima";"75,220";"BR-277/PR";"Crescente";"Queda de moto";0;0;0;1;0;0;0;0;0;0;2;0;0;0;0
"04/04/2024";"03:34:01";"147";"Com vítima";"1,080";"BR-277/PR";"Decrescente";"Colisão lateral no mesmo sentido";0;0;1;0;0;0;0;0;0;0;1;0;0;0;0
"05/04/2024";"12:46:00";"14";"Sem vítima";"38,100";"BR-277/PR";"Decrescente";"Choque";1;0;0;0;0;0;0;0;0;0;1;0;0;0;0
"05/04/2024";"06:41:56";"68";"Sem vítima";"29,200";"BR-277/PR";"Decrescente";"Choque";1;0;0;0;0;0;0;0;0;0;1;0;0;0;0
"05/04/2024";"08:01:37";"90";"Sem vítima";"39,700";"BR-277/PR";"Decrescente";"Colisão traseira";0;0;1;0;0;0;0;0;0;0;1;0;0;0;0
"05/04/2024";"05:27:00";"220";"Com vítima";"12,367";"BR-277/PR";"Decrescente";"Colisão transversal";1;0;2;0;0;0;0;0;0;0;2;0;0;0;0
"05/04/2024";"06:52:00";"224";"Sem vítima";"20,100";"508/PR";"Decrescente";"Saída de pista";1;0;0;0;0;0;0;0;0;0;1;0;0;0;0
"05/04/2024";"06:58:14";"225";"Sem vítima";"36,500";"BR-277/PR";"Decrescente";"Choque";1;0;0;0;0;0;0;0;0;0;4;0;0;0;0
"06/04/2024";"03:34:26";"27";"Sem vítima";"27,225";"BR-277/PR";"Crescente";"Colisão lateral no mesmo sentido";0;0;1;0;0;0;0;0;0;1;1;0;0;0;0
"06/04/2024";"03:57:17";"32";"Sem vítima";"45,900";"BR-277/PR";"Decrescente";"Queda de moto";0;0;0;1;0;0;0;0;0;0;2;0;0;0;0
"06/04/2024";"02:04:13";"116";"Com vítima";"10,010";"BR-277/PR";"Crescente";"Colisão traseira";1;0;0;0;0;0;0;0;0;1;2;0;0;0;0
"06/04/2024";"04:03:00";"131";"Sem vítima";"55,100";"BR-277/PR";"Crescente";"Choque";1;0;0;0;0;0;0;0;0;0;1;0;0;0;0
"07/04/2024";"12:50:00";"12";"Sem vítima";"68,300";"BR-277/PR";"Crescente";"Capotamento";1;0;0;0;0;0;0;0;0;0;1;0;0;0;0
"07/04/2024";"02:23:39";"15";"Sem vítima";"60,100";"BR-277/PR";"Crescente";"Choque";1;0;0;0;0;0;0;0;0;0;1;0;0;0;0
"07/04/2024";"04:34:12";"19";"Sem vítima";"15,421";"BR-277/PR";"Decrescente";"Choque";1;0;0;0;0;0;0;0;0;0;1;0;0;0;0
"07/04/2024";"05:21:27";"25";"Sem vítima";"34,612";"BR-277/PR";"Decrescente";"Colisão traseira";1;0;1;0;0;0;0;0;0;0;2;0;0;0;0
"07/04/2024";"09:42:00";"3";"Sem vítima";"67,519";"BR-277/PR";"Crescente";"Capotamento";1;0;0;0;0;0;0;0;0;0;2;0;0;0;0
"08/04/2024";"04:50:03";"53";"Sem vítima";"43,620";"BR-277/PR";"Crescente";"Choque";1;0;0;0;0;0;0;0;0;0;1;0;0;0;0
"08/04/2024";"06:44:00";"68";"Com vítima";"30,840";"BR-277/PR";"Decrescente";"Queda de moto";0;0;0;1;0;0;0;0;0;0;1;0;0;0;0
"08/04/2024";"07:03:04";"76";"Sem vítima";"32,400";"BR-277/PR";"Crescente";"Saída de pista";1;0;0;0;0;0;0;0;0;0;1;0;0;0;0
"08/04/2024";"10:07:00";"112";"Com vítima";"33,200";"BR-277/PR";"Crescente";"Queda de moto";0;0;0;1;0;0;0;0;0;0;0;0;0;0;0
"08/04/2024";"03:25:00";"149";"Sem vítima";"27,810";"BR-277/PR";"Decrescente";"Saída de pista";1;0;0;0;0;0;0;0;0;0;1;0;0;0;0
"08/04/2024";"07:55:03";"184";"Com vítima";"31,126";"BR-153/PR";"Crescente";"Colisão transversal";0;0;3;0;0;0;0;0;0;0;0;0;0;0;0
"09/04/2024";"02:09:41";"33";"Com vítima";"23,010";"508/PR";"Crescente";"Queda de moto";0;0;0;1;0;0;0;0;0;0;0;0;0;0;0
"09/04/2024";"04:55:00";"53";"Com vítima";"6,030";"BR-277/PR";"Decrescente";"Colisão traseira";1;0;0;1;0;0;0;0;0;0;1;0;0;0;0
"09/04/2024";"12:11:47";"133";"Sem vítima";"42,520";"BR-277/PR";"Crescente";"Saída de pista";0;0;1;0;0;0;0;0;0;0;1;0;0;0;0
"09/04/2024";"02:02:00";"145";"Com vítima";"77,959";"BR-277/PR";"Crescente";"Queda de moto";0;0;0;1;0;0;0;0;0;0;0;0;0;0;0
"09/04/2024";"06:46:32";"177";"Com vítima";"75,080";"BR-277/PR";"Decrescente";"Atropelamento de pedestre";0;0;0;0;0;0;0;0;0;0;0;0;0;0;0
"10/04/2024";"05:55:56";"61";"Sem vítima";"19,870";"BR-369/PR";"Decrescente";"Colisão lateral no mesmo sentido";1;0;0;0;0;0;0;0;0;0;2;0;0;0;0
"10/04/2024";"08:37:20";"110";"Com vítima";"37,740";"BR-277/PR";"Decrescente";"Tombamento";0;0;1;0;0;0;0;0;0;0;0;0;0;0;0
"10/04/2024";"10:05:00";"122";"Com vítima";"68,500";"BR-277/PR";"Crescente";"Choque";1;0;0;0;0;0;0;0;0;0;0;0;0;0;0
"10/04/2024";"10:40:49";"126";"Sem vítima";"60,250";"BR-277/PR";"Crescente";"Choque";0;0;1;0;0;0;0;0;0;0;1;0;0;0;0
"10/04/2024";"04:33:00";"168";"Com vítima";"48,265";"BR-153/PR";"Decrescente";"Colisão frontal";1;0;1;0;0;0;0;0;0;0;0;0;0;0;0
"10/04/2024";"05:38:45";"176";"Com vítima";"4,519";"BR-153/PR";"Crescente";"Queda de moto";0;0;0;1;0;0;0;0;0;0;0;0;0;0;0
"11/04/2024";"04:10:59";"175";"Com vítima";"29,010";"508/PR";"Decrescente";"Colisão traseira";1;0;0;1;0;0;0;0;0;0;1;0;0;0;0
"11/04/2024";"04:34:17";"178";"Sem vítima";"7,500";"BR-277/PR";"Decrescente";"Colisão lateral no mesmo sentido";1;0;1;0;0;0;0;0;0;0;5;0;0;0;0
"11/04/2024";"04:37:48";"180";"Com vítima";"5,410";"BR-153/PR";"Decrescente";"Queda de moto";0;0;0;1;0;0;0;0;0;0;0;0;0;0;0
"11/04/2024";"06:02:22";"191";"Com vítima";"16,400";"407/PR";"Decrescente";"Atropelamento de pedestre";1;0;0;0;0;0;0;0;0;0;1;0;0;0;0
"11/04/2024";"08:01:00";"201";"Sem vítima";"35,100";"BR-277/PR";"Decrescente";"Colisão traseira";0;0;1;0;0;0;0;0;0;0;1;0;0;0;0
"12/04/2024";"04:42:00";"52";"Com vítima";"1,720";"407/PR";"Decrescente";"Colisão frontal";1;0;1;1;0;0;0;0;0;0;1;0;0;0;0
"12/04/2024";"02:27:50";"149";"Com vítima";"77,400";"BR-277/PR";"Decrescente";"Colisão lateral no mesmo sentido";1;0;0;1;0;0;0;0;0;0;2;0;0;0;0
"12/04/2024";"03:41:11";"169";"Com vítima";"82,720";"BR-369/PR";"Crescente";"Queda de moto";0;0;0;1;0;0;0;0;0;0;0;0;0;0;0
"12/04/2024";"04:03:50";"171";"Sem vítima";"11,010";"BR-277/PR";"Decrescente";"Saída de pista";1;0;0;0;0;0;0;0;0;0;2;0;0;0;0
"12/04/2024";"08:17:33";"196";"Sem vítima";"32,200";"BR-277/PR";"Crescente";"Saída de pista";1;0;0;0;0;0;0;0;0;0;1;0;0;0;0
"12/04/2024";"09:17:00";"7";"Sem vítima";"44,200";"BR-277/PR";"Decrescente";"Colisão traseira";0;0;1;0;0;0;0;0;0;0;1;0;0;0;0
"12/04/2024";"11:58:39";"15";"Sem vítima";"77,120";"BR-277/PR";"Decrescente";"Colisão traseira";2;0;0;0;0;0;0;0;0;0;3;0;0;0;0
"13/04/2024";"03:45:39";"30";"Sem vítima";"32,560";"BR-277/PR";"Crescente";"Capotamento";1;0;0;0;0;0;0;0;0;0;1;0;0;0;0
"13/04/2024";"05:06:20";"35";"Com vítima";"33,185";"BR-277/PR";"Decrescente";"Tombamento";0;0;1;0;0;0;0;0;0;0;0;0;0;0;0
"13/04/2024";"07:17:46";"55";"Sem vítima";"1,400";"BR-369/PR";"Decrescente";"Colisão traseira";0;0;2;0;0;0;0;0;0;0;2;0;0;0;0
"13/04/2024";"12:31:42";"81";"Com vítima";"76,980";"BR-277/PR";"Crescente";"Colisão traseira";1;0;0;0;0;0;0;0;0;0;1;0;0;0;0
"13/04/2024";"12:50:12";"83";"Sem vítima";"22,320";"BR-369/PR";"Decrescente";"Colisão transversal";1;0;1;0;0;0;0;0;0;0;2;0;0;0;0
"13/04/2024";"01:10:11";"88";"Sem vítima";"10,138";"BR-277/PR";"Crescente";"Choque";1;0;0;0;0;0;0;0;0;0;1;0;0;0;0
"13/04/2024";"02:01:34";"91";"Sem vítima";"60,300";"BR-277/PR";"Crescente";"Queda de moto";0;0;0;1;0;0;0;0;0;0;1;0;0;0;0
"13/04/2024";"07:42:00";"122";"Com vítima";"19,193";"BR-153/PR";"Decrescente";"Atropelamento de animal";0;0;0;1;0;0;0;0;0;0;0;0;0;0;0
"13/04/2024";"08:44:00";"128";"Com vítima";"10,010";"BR-277/PR";"Crescente";"Queda de moto";0;0;0;1;0;0;0;0;0;0;0;0;0;0;0
"13/04/2024";"09:42:12";"8";"Com vítima";"16,398";"BR-153/PR";"Decrescente";"Capotamento";1;0;0;0;0;0;0;0;0;0;0;0;0;0;0
"14/04/2024";"04:58:50";"39";"Com vítima";"66,220";"BR-277/PR";"Decrescente";"Queda de moto";0;0;0;1;0;0;0;0;0;0;0;0;0;0;0
"14/04/2024";"05:45:43";"42";"Sem vítima";"36,409";"BR-277/PR";"Crescente";"Choque";1;0;0;0;0;0;0;0;0;0;2;0;0;0;0
"14/04/2024";"08:42:00";"62";"Sem vítima";"32,400";"BR-277/PR";"Crescente";"Saída de pista";1;0;0;0;0;0;0;0;0;0;4;0;0;0;0
"14/04/2024";"09:59:47";"70";"Sem vítima";"36,300";"BR-277/PR";"Crescente";"Choque";1;0;0;0;0;0;0;0;0;0;1;0;0;0;0
"14/04/2024";"11:51:25";"80";"Com vítima";"28,000";"BR-277/PR";"Crescente";"Saída de pista";1;0;0;0;0;0;0;0;0;0;1;0;0;0;0
"14/04/2024";"12:03:57";"86";"Sem vítima";"30,680";"BR-277/PR";"Crescente";"Saída de pista";1;0;0;0;0;0;0;0;0;0;1;0;0;0;0
"14/04/2024";"01:17:05";"98";"Com vítima";"30,500";"BR-277/PR";"Decrescente";"Colisão frontal";3;0;0;0;0;0;0;0;0;0;6;0;0;0;0
"14/04/2024";"01:58:56";"102";"Sem vítima";"33,010";"BR-277/PR";"Decrescente";"Colisão lateral no mesmo sentido";2;0;0;0;0;0;0;0;0;0;2;0;0;0;0
"14/04/2024";"02:32:41";"107";"Sem vítima";"30,500";"BR-277/PR";"Crescente";"Colisão transversal";2;0;0;0;0;0;0;0;0;0;1;0;0;0;0
"15/04/2024";"02:29:00";"23";"Sem vítima";"7,200";"BR-153/PR";"Decrescente";"Atropelamento de animal";0;0;1;0;0;0;0;0;0;0;1;0;0;0;0
"15/04/2024";"03:46:41";"30";"Com vítima";"7,100";"407/PR";"Crescente";"Colisão frontal";2;0;0;0;0;0;0;0;0;0;1;0;0;0;0
"15/04/2024";"09:09:08";"107";"Com vítima";"40,200";"BR-277/PR";"Decrescente";"Tombamento";0;0;1;0;0;0;0;0;0;0;0;0;0;0;0
"16/04/2024";"04:09:53";"32";"Sem vítima";"3,500";"407/PR";"Crescente";"Capotamento";1;0;0;0;0;0;0;0;0;0;1;0;0;0;0
"16/04/2024";"03:44:56";"153";"Com vítima";"16,900";"BR-277/PR";"Decrescente";"Colisão lateral no mesmo sentido";2;0;0;0;0;0;0;0;0;0;4;0;0;0;0
"16/04/2024";"06:33:26";"175";"Com vítima";"29,220";"BR-277/PR";"Decrescente";"Colisão transversal";2;0;0;0;0;0;0;0;0;0;2;0;0;0;0
"16/04/2024";"07:22:00";"180";"Sem vítima";"36,520";"BR-277/PR";"Decrescente";"Choque";1;0;0;0;0;0;0;0;0;0;2;0;0;0;0
"17/04/2024";"04:16:47";"24";"Com vítima";"74,860";"BR-277/PR";"Decrescente";"Colisão lateral no mesmo sentido";0;0;1;1;0;0;0;0;0;0;1;0;0;0;0
"17/04/2024";"05:04:35";"31";"Com vítima";"74,560";"BR-277/PR";"Decrescente";"Queda de moto";0;0;0;1;0;0;0;0;0;0;0;0;0;0;0
"17/04/2024";"11:43:56";"120";"Sem vítima";"32,320";"BR-277/PR";"Decrescente";"Colisão transversal";2;0;0;0;0;0;0;0;0;0;2;0;0;0;0
"17/04/2024";"03:45:01";"142";"Com vítima";"18,451";"508/PR";"Crescente";"Atropelamento de pedestre";0;0;0;1;0;0;0;0;0;0;0;0;0;0;0
"17/04/2024";"09:03:38";"1";"Sem vítima";"74,800";"BR-277/PR";"Decrescente";"Colisão traseira";2;0;0;0;0;0;0;0;0;0;4;0;0;0;0
"17/04/2024";"11:56:00";"18";"Sem vítima";"3,610";"BR-277/PR";"Crescente";"Colisão transversal";1;0;1;0;0;0;0;0;0;0;2;0;0;0;0
"18/04/2024";"08:46:00";"101";"Sem vítima";"26,980";"BR-277/PR";"Decrescente";"Saída de pista";1;0;0;0;0;0;0;0;0;0;1;0;0;0;0
"18/04/2024";"01:03:33";"125";"Sem vítima";"37,100";"BR-153/PR";"Crescente";"Colisão traseira";0;0;1;0;1;0;0;0;0;0;1;0;0;0;0
"18/04/2024";"03:29:51";"144";"Sem vítima";"5,500";"BR-277/PR";"Crescente";"Engavetamento";2;0;1;0;0;0;0;0;0;0;3;0;0;0;0
"18/04/2024";"04:19:41";"151";"Com vítima";"37,698";"BR-153/PR";"Crescente";"Queda de moto";0;0;0;1;0;0;0;0;0;0;0;0;0;0;0
"18/04/2024";"05:35:00";"162";"Com vítima";"1,220";"BR-277/PR";"Crescente";"Colisão transversal";1;0;0;0;0;0;0;0;0;0;0;0;0;0;0
"19/04/2024";"07:00:51";"78";"Sem vítima";"17,960";"BR-277/PR";"Decrescente";"Colisão lateral no mesmo sentido";0;0;1;0;0;0;0;0;0;1;2;0;0;0;0
"19/04/2024";"07:04:45";"79";"Sem vítima";"76,000";"BR-369/PR";"Crescente";"Colisão lateral no mesmo sentido";2;0;0;0;0;0;0;0;0;0;2;0;0;0;0
"19/04/2024";"09:35:08";"122";"Sem vítima";"83,640";"BR-369/PR";"Decrescente";"Saída de pista";1;0;0;0;0;0;0;0;0;0;1;0;0;0;0
"19/04/2024";"03:09:00";"161";"Sem vítima";"35,100";"BR-153/PR";"Crescente";"Colisão traseira";2;0;0;0;0;0;0;0;0;0;2;0;0;0;0
"19/04/2024";"04:20:40";"171";"Sem vítima";"39,150";"BR-153/PR";"Decrescente";"Colisão lateral no mesmo sentido";1;0;1;0;0;0;0;0;0;0;2;0;0;0;0
"19/04/2024";"07:04:14";"197";"Sem vítima";"0,410";"407/PR";"Decrescente";"Choque";1;0;0;0;0;0;0;0;0;0;4;0;0;0;0
"20/04/2024";"06:24:47";"41";"Com vítima";"59,975";"BR-277/PR";"Decrescente";"Queda de moto";0;0;0;1;0;0;0;0;0;0;0;0;0;0;0
"20/04/2024";"09:24:00";"72";"Com vítima";"42,984";"BR-277/PR";"Decrescente";"Colisão traseira";0;0;1;1;0;0;0;0;0;0;1;0;0;0;0
"20/04/2024";"10:50:56";"83";"Sem vítima";"60,250";"BR-277/PR";"Decrescente";"Colisão lateral no mesmo sentido";1;0;1;0;0;0;0;0;0;0;2;0;0;0;0
"20/04/2024";"03:05:00";"122";"Com vítima";"74,100";"BR-277/PR";"Crescente";"Queda de moto";0;0;0;1;0;0;0;0;0;0;1;0;0;0;0
"21/04/2024";"02:59:00";"22";"Com vítima";"79,810";"BR-277/PR";"Decrescente";"Colisão lateral no mesmo sentido";1;0;0;1;0;0;0;0;0;0;1;0;0;0;0
"21/04/2024";"05:33:46";"38";"Com vítima";"33,370";"BR-277/PR";"Crescente";"Queda de moto";0;0;0;1;0;0;0;0;0;0;0;0;0;0;0
"21/04/2024";"07:35:00";"74";"Com vítima";"6,350";"508/PR";"Crescente";"Queda de moto";0;0;0;1;0;0;0;0;0;0;0;0;0;0;0
"21/04/2024";"08:52:49";"88";"Sem vítima";"43,600";"BR-153/PR";"Crescente";"Colisão lateral no mesmo sentido";0;0;1;0;0;0;0;0;0;1;3;0;0;0;0
"21/04/2024";"01:05:00";"123";"Sem vítima";"0,015";"508/PR";"Decrescente";"Colisão lateral no mesmo sentido";0;0;0;2;0;0;0;0;0;0;2;0;0;0;0
"21/04/2024";"03:24:00";"151";"Com vítima";"27,100";"BR-277/PR";"Decrescente";"Queda de moto";0;0;0;1;0;0;0;0;0;0;0;0;0;0;0
"21/04/2024";"03:56:04";"156";"Sem vítima";"17,100";"508/PR";"Decrescente";"Atropelamento de animal";3;0;0;0;0;0;0;0;0;0;3;0;0;0;0
"21/04/2024";"04:04:42";"159";"Sem vítima";"75,100";"BR-277/PR";"Crescente";"Colisão traseira";2;0;0;0;0;0;0;0;0;0;2;0;0;0;0
"21/04/2024";"04:33:00";"164";"Com vítima";"73,319";"BR-369/PR";"Crescente";"Atropelamento de pedestre";1;0;0;0;0;0;0;0;0;0;1;0;0;0;0
"21/04/2024";"06:39:00";"182";"Com vítima";"69,438";"BR-277/PR";"Decrescente";"Choque";1;0;0;0;0;0;0;0;0;0;0;0;0;0;0
"22/04/2024";"04:01:57";"29";"Sem vítima";"78,159";"BR-277/PR";"Crescente";"Colisão traseira";2;0;0;0;0;0;0;0;0;0;3;0;0;0;0
"22/04/2024";"04:09:07";"31";"Com vítima";"42,500";"BR-153/PR";"Decrescente";"Queda de moto";0;0;0;1;0;0;0;0;0;0;0;0;0;0;0
"22/04/2024";"04:34:00";"42";"Sem vítima";"65,700";"BR-277/PR";"Decrescente";"Colisão traseira";1;0;0;0;0;0;0;0;0;0;4;0;0;0;0
"23/04/2024";"04:32:50";"33";"Com vítima";"42,440";"BR-277/PR";"Decrescente";"Choque";1;0;0;0;0;0;0;0;0;0;0;0;0;0;0
"24/04/2024";"03:58:02";"23";"Com vítima";"6,150";"BR-277/PR";"Decrescente";"Colisão traseira";2;0;0;0;0;0;0;0;0;0;1;0;0;0;0
"24/04/2024";"06:08:23";"57";"Com vítima";"81,454";"BR-369/PR";"Decrescente";"Colisão frontal";1;0;0;0;0;0;0;0;0;1;0;0;0;0;1
"24/04/2024";"08:06:12";"97";"Sem vítima";"3,600";"BR-277/PR";"Crescente";"Colisão lateral no mesmo sentido";0;0;1;1;0;0;0;0;0;0;2;0;0;0;0
"24/04/2024";"11:34:47";"134";"Sem vítima";"64,100";"BR-277/PR";"Decrescente";"Saída de pista";0;0;0;0;0;0;0;0;0;1;1;0;0;0;0
"24/04/2024";"12:01:18";"137";"Sem vítima";"78,700";"BR-277/PR";"Decrescente";"Colisão lateral no mesmo sentido";0;0;0;2;0;0;0;0;0;0;2;0;0;0;0
"24/04/2024";"08:49:00";"189";"Sem vítima";"77,060";"BR-277/PR";"Decrescente";"Atropelamento de animal";0;0;0;1;0;0;0;0;0;0;1;0;0;0;0
"25/04/2024";"04:18:13";"25";"Sem vítima";"19,600";"508/PR";"Decrescente";"Capotamento";0;0;0;0;0;0;0;0;0;1;1;0;0;0;0
"25/04/2024";"06:57:50";"59";"Com vítima";"36,100";"BR-277/PR";"Decrescente";"Capotamento";1;0;1;0;0;0;0;0;0;0;1;0;0;0;0
"25/04/2024";"07:00:04";"64";"Sem vítima";"62,250";"BR-277/PR";"Crescente";"Colisão traseira";2;0;0;0;0;0;0;0;0;0;2;0;0;0;0
"25/04/2024";"07:05:42";"67";"Sem vítima";"40,450";"BR-277/PR";"Crescente";"Choque";1;0;0;0;0;0;0;0;0;0;1;0;0;0;0
"25/04/2024";"12:46:35";"115";"Sem vítima";"43,150";"BR-277/PR";"Crescente";"Colisão traseira";2;0;0;0;0;0;0;0;0;0;2;0;0;0;0
"25/04/2024";"09:40:00";"6";"Sem vítima";"59,159";"BR-277/PR";"Crescente";"Choque";0;0;1;0;0;0;0;0;0;0;1;0;0;0;0
"26/04/2024";"07:35:31";"91";"Sem vítima";"41,750";"BR-369/PR";"Crescente";"Colisão traseira";1;0;0;0;0;0;0;0;0;1;3;0;0;0;0
"26/04/2024";"10:55:56";"125";"Sem vítima";"59,500";"BR-277/PR";"Decrescente";"Colisão lateral no mesmo sentido";1;0;0;0;0;0;0;0;0;1;2;0;0;0;0
"26/04/2024";"11:36:33";"131";"Com vítima";"31,800";"BR-277/PR";"Decrescente";"Engavetamento";1;0;2;0;0;0;0;0;0;1;4;0;0;0;0
"26/04/2024";"11:51:00";"132";"Sem vítima";"43,510";"BR-277/PR";"Crescente";"Choque";1;0;0;0;0;0;0;0;0;0;1;0;0;0;0
"26/04/2024";"12:05:00";"134";"Com vítima";"66,200";"BR-277/PR";"Crescente";"Colisão traseira";0;0;0;1;0;0;0;0;0;0;0;0;0;0;0
"26/04/2024";"03:59:39";"156";"Com vítima";"3,100";"BR-277/PR";"Decrescente";"Colisão transversal";0;0;1;1;0;0;0;0;0;0;1;0;0;0;0
"27/04/2024";"02:49:37";"33";"Com vítima";"28,569";"BR-153/PR";"Crescente";"Choque";1;0;0;0;0;0;0;0;0;0;0;0;0;0;0
"27/04/2024";"06:35:00";"76";"Sem vítima";"75,880";"BR-277/PR";"Decrescente";"Colisão traseira";0;0;0;0;0;0;0;0;0;2;2;0;0;0;0
"27/04/2024";"10:23:16";"116";"Com vítima";"13,820";"508/PR";"Crescente";"Queda de moto";0;0;0;1;0;0;0;0;0;0;1;0;0;0;0
"27/04/2024";"04:33:03";"170";"Com vítima";"77,146";"BR-277/PR";"Decrescente";"Colisão traseira";0;0;0;1;0;0;0;0;0;0;0;0;0;0;0
"27/04/2024";"06:49:09";"191";"Com vítima";"24,500";"BR-153/PR";"Crescente";"Colisão transversal";1;0;1;0;0;0;0;0;0;0;0;0;0;0;0
"27/04/2024";"07:47:19";"197";"Com vítima";"11,700";"407/PR";"Crescente";"Colisão frontal";2;0;0;0;0;0;0;0;0;0;0;0;0;0;3
"28/04/2024";"10:16:02";"68";"Com vítima";"36,300";"BR-277/PR";"Crescente";"Capotamento";1;0;0;0;0;0;0;0;0;0;2;0;0;0;0
"28/04/2024";"11:12:29";"73";"Sem vítima";"31,800";"BR-277/PR";"Decrescente";"Saída de pista";1;0;0;0;0;0;0;0;0;0;1;0;0;0;0
"28/04/2024";"12:44:00";"89";"Sem vítima";"33,140";"BR-277/PR";"Crescente";"Colisão lateral no mesmo sentido";1;0;0;1;0;0;0;0;0;0;6;0;0;0;0
"28/04/2024";"01:26:32";"95";"Sem vítima";"33,360";"BR-277/PR";"Crescente";"Choque";1;0;0;0;0;0;0;0;0;0;3;0;0;0;0
"28/04/2024";"02:47:31";"109";"Com vítima";"54,150";"BR-277/PR";"Crescente";"Choque";1;0;0;0;0;0;0;0;0;0;3;0;0;0;0
"28/04/2024";"03:09:00";"113";"Sem vítima";"54,500";"BR-277/PR";"Decrescente";"Choque";1;0;0;0;0;0;0;0;0;0;1;0;0;0;0
"28/04/2024";"03:43:40";"121";"Sem vítima";"31,900";"BR-277/PR";"Decrescente";"Saída de pista";1;0;0;0;0;0;0;0;0;0;5;0;0;0;0
"28/04/2024";"05:03:00";"130";"Com vítima";"31,900";"BR-277/PR";"Decrescente";"Colisão lateral no mesmo sentido";1;0;0;1;0;0;0;0;0;0;2;0;0;0;0
"28/04/2024";"07:10:53";"144";"Com vítima";"65,800";"BR-277/PR";"Crescente";"Queda de moto";0;0;0;1;0;0;0;0;0;0;1;0;0;0;0
"28/04/2024";"08:36:38";"152";"Sem vítima";"51,004";"BR-369/PR";"Decrescente";"Capotamento";1;0;0;0;0;0;0;0;0;0;1;0;0;0;0
"28/04/2024";"09:45:05";"11";"Sem vítima";"73,800";"BR-277/PR";"Crescente";"Colisão traseira";2;0;0;0;0;0;0;0;0;0;2;0;0;0;0
"29/04/2024";"11:20:43";"134";"Sem vítima";"23,110";"BR-369/PR";"Crescente";"Colisão lateral no mesmo sentido";0;0;2;0;0;0;0;0;0;0;2;0;0;0;0
"29/04/2024";"06:48:13";"187";"Com vítima";"75,100";"BR-277/PR";"Crescente";"Choque";1;0;0;0;0;0;0;0;0;0;0;0;0;0;0
"30/04/2024";"01:50:06";"19";"Sem vítima";"22,100";"BR-153/PR";"Crescente";"Tombamento";0;0;1;0;0;0;0;0;0;0;2;0;0;0;0
"30/04/2024";"07:56:21";"104";"Sem vítima";"39,600";"BR-277/PR";"Decrescente";"Choque";0;0;1;0;0;0;0;0;0;0;1;0;0;0;0
"30/04/2024";"03:40:00";"171";"Com vítima";"1,110";"407/PR";"Decrescente";"Colisão traseira";1;0;0;1;0;0;0;0;0;0;1;0;0;0;0
"01/05/2024";"05:37:33";"42";"Com vítima";"11,550";"407/PR";"Crescente";"Colisão frontal";1;0;1;0;0;0;0;0;0;0;0;0;0;0;3
"01/05/2024";"09:05:49";"70";"Com vítima";"70,300";"BR-277/PR";"Crescente";"Capotamento";1;0;0;0;0;0;0;0;0;0;0;0;0;0;0
"01/05/2024";"09:30:01";"73";"Sem vítima";"69,120";"BR-277/PR";"Crescente";"Colisão traseira";2;0;0;0;0;0;0;0;0;0;2;0;0;0;0
"01/05/2024";"01:47:26";"109";"Com vítima";"5,100";"239/PR";"Decrescente";"Tombamento";0;0;1;0;0;0;0;0;0;0;0;0;0;0;0
"01/05/2024";"01:54:36";"110";"Com vítima";"39,120";"BR-277/PR";"Crescente";"Queda de moto";0;0;0;1;0;0;0;0;0;0;0;0;0;0;0
"01/05/2024";"04:49:54";"140";"Sem vítima";"77,500";"BR-277/PR";"Decrescente";"Colisão traseira";1;0;0;1;0;0;0;0;0;0;2;0;0;0;0
"01/05/2024";"05:11:24";"145";"Sem vítima";"10,300";"BR-277/PR";"Crescente";"Engavetamento";2;0;1;0;0;0;0;0;0;0;4;0;0;0;0
"02/05/2024";"06:40:16";"68";"Sem vítima";"60,200";"BR-277/PR";"Crescente";"Colisão traseira";1;0;1;0;0;0;0;0;0;0;2;0;0;0;0
"02/05/2024";"08:28:02";"85";"Sem vítima";"60,250";"BR-277/PR";"Crescente";"Colisão traseira";0;0;2;0;0;0;0;0;0;0;0;0;0;0;0
"02/05/2024";"08:44:22";"89";"Sem vítima";"24,120";"BR-277/PR";"Crescente";"Capotamento";1;0;0;0;0;0;0;0;0;0;2;0;0;0;0
"02/05/2024";"11:46:37";"123";"Sem vítima";"47,120";"BR-277/PR";"Crescente";"Colisão traseira";1;0;0;0;0;0;0;0;0;1;2;0;0;0;0
"02/05/2024";"08:15:00";"169";"Sem vítima";"70,100";"BR-277/PR";"Decrescente";"Choque";1;0;0;0;0;0;0;0;0;0;1;0;0;0;0
"02/05/2024";"08:23:00";"170";"Com vítima";"12,224";"BR-153/PR";"Crescente";"Colisão frontal";1;0;1;0;0;0;0;0;0;0;1;0;0;0;1
"03/05/2024";"04:14:00";"190";"Com vítima";"63,100";"BR-277/PR";"Crescente";"Capotamento";2;0;0;0;0;0;0;0;0;0;1;0;0;0;0
"04/05/2024";"06:03:00";"48";"Com vítima";"10,232";"BR-277/PR";"Decrescente";"Queda de moto";0;0;0;1;0;0;0;0;0;0;1;0;0;0;0
"04/05/2024";"07:06:04";"68";"Sem vítima";"73,359";"BR-277/PR";"Decrescente";"Queda de moto";0;0;0;1;0;0;0;0;0;0;2;0;0;0;0
"04/05/2024";"11:25:00";"113";"Com vítima";"18,500";"BR-277/PR";"Decrescente";"Colisão traseira";1;0;1;0;0;0;0;0;0;0;1;0;0;0;0
"04/05/2024";"03:25:55";"147";"Com vítima";"85,500";"BR-369/PR";"Crescente";"Colisão transversal";2;0;0;0;0;0;0;0;0;0;1;0;0;0;0
"05/05/2024";"12:22:00";"17";"Sem vítima";"75,120";"BR-277/PR";"Decrescente";"Choque";1;0;0;0;0;0;0;0;0;0;2;0;0;0;0
"05/05/2024";"08:48:00";"71";"Com vítima";"37,610";"BR-277/PR";"Decrescente";"Choque";1;0;0;0;0;0;0;0;0;0;0;0;0;0;0
"05/05/2024";"10:37:38";"81";"Sem vítima";"35,300";"BR-277/PR";"Decrescente";"Colisão lateral no mesmo sentido";1;0;1;0;0;0;0;0;0;0;0;0;0;0;0
"05/05/2024";"03:19:34";"132";"Sem vítima";"63,700";"BR-369/PR";"Crescente";"Colisão traseira";1;0;0;0;0;0;0;0;0;0;1;0;0;0;0
"06/05/2024";"04:36:06";"41";"Sem vítima";"86,100";"BR-369/PR";"Decrescente";"Colisão lateral no mesmo sentido";1;0;1;0;0;0;0;0;0;0;3;0;0;0;0
"06/05/2024";"08:12:50";"98";"Sem vítima";"42,050";"BR-277/PR";"Decrescente";"Colisão lateral no mesmo sentido";1;0;1;0;0;0;0;0;0;0;2;0;0;0;0
"06/05/2024";"01:11:30";"140";"Sem vítima";"32,700";"BR-153/PR";"Decrescente";"Tombamento";0;0;1;0;0;0;0;0;0;0;1;0;0;0;0
"06/05/2024";"03:43:32";"155";"Com vítima";"76,100";"BR-277/PR";"Crescente";"Colisão lateral no mesmo sentido";2;0;0;1;0;0;0;0;0;0;2;0;0;0;0
"07/05/2024";"09:39:10";"111";"Sem vítima";"4,350";"239/PR";"Decrescente";"Tombamento";0;0;1;0;0;0;0;0;0;0;1;0;0;0;0
"07/05/2024";"01:49:21";"147";"Sem vítima";"31,800";"BR-369/PR";"Crescente";"Colisão lateral no mesmo sentido";1;0;0;0;0;0;0;0;0;0;1;0;0;0;0
"08/05/2024";"03:17:00";"172";"Com vítima";"70,950";"BR-277/PR";"Decrescente";"Atropelamento de pedestre";0;0;0;1;0;0;0;0;0;0;0;0;0;0;0
"08/05/2024";"03:37:25";"177";"Sem vítima";"14,010";"BR-277/PR";"Crescente";"Saída de pista";1;0;0;0;0;0;0;0;0;0;1;0;0;0;0
"08/05/2024";"06:45:55";"194";"Sem vítima";"3,110";"BR-277/PR";"Decrescente";"Choque";1;0;0;0;0;0;0;0;0;0;1;0;0;0;0
"09/05/2024";"03:48:00";"31";"Sem vítima";"63,264";"BR-369/PR";"Crescente";"Colisão traseira";1;0;0;0;0;0;0;0;0;0;1;0;0;0;0
"09/05/2024";"05:35:49";"81";"Sem vítima";"5,300";"BR-277/PR";"Decrescente";"Colisão lateral no mesmo sentido";2;0;1;0;0;0;0;0;0;0;5;0;0;0;0
"09/05/2024";"06:09:51";"98";"Sem vítima";"42,300";"BR-277/PR";"Crescente";"Colisão lateral no mesmo sentido";1;0;0;0;0;0;0;0;0;0;1;0;0;0;0
"09/05/2024";"11:10:46";"155";"Sem vítima";"75,500";"BR-277/PR";"Decrescente";"Choque";0;0;0;0;0;0;0;0;0;1;1;0;0;0;0
"09/05/2024";"12:18:17";"165";"Com vítima";"70,740";"BR-277/PR";"Decrescente";"Choque";1;0;0;0;0;0;0;0;0;0;0;0;0;0;0
"09/05/2024";"03:12:42";"187";"Com vítima";"18,100";"407/PR";"Decrescente";"Queda de moto";0;0;0;1;0;0;0;0;0;0;0;0;0;0;0
"09/05/2024";"04:32:00";"200";"Sem vítima";"39,200";"BR-277/PR";"Crescente";"Saída de pista";0;0;1;0;0;0;0;0;0;0;1;0;0;0;0
"10/05/2024";"04:42:35";"200";"Sem vítima";"64,100";"BR-277/PR";"Crescente";"Queda de moto";0;0;0;1;0;0;0;0;0;0;1;0;0;0;0
"10/05/2024";"08:21:00";"222";"Sem vítima";"25,235";"BR-277/PR";"Crescente";"Choque";1;0;0;0;0;0;0;0;0;0;0;0;0;0;0
"10/05/2024";"09:44:29";"10";"Sem vítima";"45,494";"BR-153/PR";"Crescente";"Choque";1;0;0;0;0;0;0;0;0;0;2;0;0;0;0
"11/05/2024";"03:31:00";"28";"Com vítima";"1,850";"BR-153/PR";"Crescente";"Choque";0;0;0;1;0;0;0;0;0;0;0;0;0;0;0
"11/05/2024";"09:02:16";"119";"Sem vítima";"21,120";"BR-369/PR";"Crescente";"Colisão traseira";2;0;0;0;0;0;0;0;0;0;3;0;0;0;0
"11/05/2024";"03:47:00";"187";"Sem vítima";"0,050";"407/PR";"Decrescente";"Choque";1;0;0;0;0;0;0;0;0;0;3;0;0;0;0
"11/05/2024";"09:57:00";"12";"Sem vítima";"4,500";"508/PR";"Crescente";"Choque";1;0;0;0;0;0;0;0;0;0;1;0;0;0;0
"11/05/2024";"10:28:08";"14";"Sem vítima";"77,815";"BR-277/PR";"Crescente";"Colisão lateral no mesmo sentido";2;0;0;0;0;0;0;0;0;0;4;0;0;0;0
"12/05/2024";"02:22:04";"25";"Sem vítima";"4,863";"BR-277/PR";"Crescente";"Tombamento";0;0;1;0;0;0;0;0;0;0;2;0;0;0;0
"12/05/2024";"04:18:10";"32";"Sem vítima";"16,120";"508/PR";"Crescente";"Capotamento";1;0;0;0;0;0;0;0;0;0;2;0;0;0;0
"12/05/2024";"05:06:42";"39";"Com vítima";"72,120";"BR-277/PR";"Decrescente";"Queda de moto";0;0;0;1;0;0;0;0;0;0;0;0;0;0;0
"12/05/2024";"02:38:47";"130";"Com vítima";"19,100";"BR-369/PR";"Decrescente";"Queda de moto";0;0;0;1;0;0;0;0;0;0;0;0;0;0;0
"12/05/2024";"03:51:30";"140";"Sem vítima";"73,800";"BR-277/PR";"Crescente";"Colisão traseira";2;0;0;0;0;0;0;0;0;0;3;0;0;0;0
"12/05/2024";"04:36:48";"147";"Com vítima";"27,774";"508/PR";"Crescente";"Atropelamento de pedestre";1;0;0;0;0;0;0;0;0;0;2;0;0;0;0
"12/05/2024";"06:29:11";"165";"Sem vítima";"12,080";"BR-277/PR";"Crescente";"Colisão lateral no mesmo sentido";0;0;0;0;0;0;0;0;0;1;3;0;0;0;0
"12/05/2024";"10:24:42";"16";"Sem vítima";"36,300";"BR-277/PR";"Decrescente";"Choque";1;0;0;0;0;0;0;0;0;0;1;0;0;0;0
"13/05/2024";"05:28:08";"67";"Sem vítima";"38,100";"BR-277/PR";"Decrescente";"Tombamento";0;0;1;0;0;0;0;0;0;0;0;0;0;0;0
"13/05/2024";"05:41:55";"70";"Com vítima";"33,620";"BR-277/PR";"Decrescente";"Tombamento";0;0;1;0;0;0;0;0;0;0;0;0;0;0;0
"13/05/2024";"09:43:00";"131";"Com vítima";"1,010";"BR-277/PR";"Decrescente";"Queda de moto";0;0;0;1;0;0;0;0;0;0;0;0;0;0;0
"13/05/2024";"09:43:00";"135";"Com vítima";"1,010";"BR-277/PR";"Decrescente";"Queda de moto";0;0;0;1;0;0;0;0;0;0;0;0;0;0;0
"14/05/2024";"03:07:00";"25";"Sem vítima";"1,650";"BR-153/PR";"Crescente";"Tombamento";0;0;1;0;0;0;0;0;0;0;1;0;0;0;0
"14/05/2024";"05:36:24";"70";"Com vítima";"33,220";"BR-277/PR";"Crescente";"Choque";1;0;0;0;0;0;0;0;0;0;0;0;0;0;0
"14/05/2024";"05:38:08";"71";"Sem vítima";"32,556";"BR-277/PR";"Crescente";"Saída de pista";0;0;0;0;0;0;0;0;0;1;1;0;0;0;0
"14/05/2024";"08:54:37";"133";"Com vítima";"32,230";"BR-277/PR";"Crescente";"Tombamento";0;0;1;0;0;0;0;0;0;0;0;0;0;0;0
"14/05/2024";"03:28:29";"189";"Sem vítima";"73,100";"BR-277/PR";"Crescente";"Saída de pista";1;0;0;0;0;0;0;0;0;0;1;0;0;0;0
"14/05/2024";"03:31:29";"190";"Com vítima";"36,100";"BR-277/PR";"Decrescente";"Capotamento";1;0;0;0;0;0;0;0;0;0;0;0;0;0;0
"14/05/2024";"04:47:00";"199";"Sem vítima";"30,900";"BR-277/PR";"Decrescente";"Choque";1;0;0;0;0;0;0;0;0;0;1;0;0;0;0
"14/05/2024";"07:12:30";"214";"Sem vítima";"10,800";"BR-277/PR";"Decrescente";"Tombamento";0;0;1;0;0;0;0;0;0;0;1;0;0;0;0
"14/05/2024";"08:30:00";"219";"Sem vítima";"78,100";"BR-277/PR";"Decrescente";"Colisão traseira";1;0;1;0;0;0;0;0;0;0;2;0;0;0;0
"15/05/2024";"06:54:43";"92";"Sem vítima";"40,860";"BR-277/PR";"Decrescente";"Choque";0;0;1;0;0;0;0;0;0;0;1;0;0;0;0
"15/05/2024";"10:19:50";"122";"Sem vítima";"31,100";"BR-153/PR";"Crescente";"Colisão lateral no mesmo sentido";0;0;3;0;0;0;0;0;0;0;3;0;0;0;0
"15/05/2024";"10:52:00";"26";"Com vítima";"6,801";"239/PR";"Decrescente";"Tombamento";0;0;1;0;0;0;0;0;0;0;0;0;0;0;0
"16/05/2024";"07:44:26";"125";"Sem vítima";"5,143";"BR-277/PR";"Crescente";"Engavetamento";0;0;3;0;0;0;0;0;0;0;3;0;0;0;0
"16/05/2024";"07:58:00";"128";"Com vítima";"19,120";"BR-153/PR";"Decrescente";"Engavetamento";0;0;0;1;0;0;0;0;0;2;0;0;0;0;0
"16/05/2024";"01:45:07";"161";"Com vítima";"9,100";"411/PR";"Decrescente";"Atropelamento de animal";0;0;0;1;0;0;0;0;0;0;0;0;0;0;0
"16/05/2024";"03:51:13";"177";"Com vítima";"86,730";"BR-369/PR";"Decrescente";"Colisão lateral no mesmo sentido";2;0;0;0;0;0;0;0;0;0;1;0;0;0;0
"17/05/2024";"04:28:57";"55";"Sem vítima";"79,040";"BR-369/PR";"Crescente";"Colisão lateral no mesmo sentido";2;0;0;0;0;0;0;0;0;0;2;0;0;0;0
"17/05/2024";"07:01:59";"113";"Sem vítima";"11,080";"239/PR";"Decrescente";"Tombamento";0;0;1;0;0;0;0;0;0;0;1;0;0;0;0
"17/05/2024";"03:43:00";"176";"Sem vítima";"12,280";"239/PR";"Crescente";"Colisão transversal";2;0;0;0;0;0;0;0;0;0;2;0;0;0;0
"17/05/2024";"04:17:21";"183";"Sem vítima";"66,458";"BR-277/PR";"Crescente";"Choque";1;0;0;0;0;0;0;0;0;0;2;0;0;0;0
"17/05/2024";"04:58:00";"188";"Sem vítima";"36,800";"BR-277/PR";"Decrescente";"Choque";1;0;0;0;0;0;0;0;0;0;1;0;0;0;0
"17/05/2024";"05:50:20";"190";"Sem vítima";"1,746";"855/PR";"Decrescente";"Tombamento";0;0;1;0;0;0;0;0;0;0;1;0;0;0;0
"17/05/2024";"07:39:00";"197";"Sem vítima";"25,200";"BR-277/PR";"Crescente";"Saída de pista";0;0;1;0;0;0;0;0;0;0;1;0;0;0;0
"18/05/2024";"02:49:00";"32";"Sem vítima";"58,100";"BR-277/PR";"Decrescente";"Choque";1;0;0;0;0;0;0;0;0;0;2;0;0;0;0
"18/05/2024";"03:27:33";"36";"Sem vítima";"8,980";"BR-277/PR";"Decrescente";"Tombamento";0;0;1;0;0;0;0;0;0;0;1;0;0;0;0
"18/05/2024";"05:03:19";"52";"Sem vítima";"67,450";"BR-277/PR";"Crescente";"Colisão traseira";2;0;0;0;0;0;0;0;0;0;2;0;0;0;0
"18/05/2024";"05:22:24";"56";"Sem vítima";"67,422";"BR-277/PR";"Crescente";"Choque";0;0;1;0;0;0;0;0;0;0;1;0;0;0;0
"18/05/2024";"07:51:51";"77";"Sem vítima";"44,200";"BR-277/PR";"Decrescente";"Choque";1;0;0;0;0;0;0;0;0;0;3;0;0;0;0
"18/05/2024";"09:40:19";"94";"Com vítima";"73,849";"BR-369/PR";"Crescente";"Colisão transversal";0;0;0;1;0;0;0;0;0;0;0;0;0;0;0
"18/05/2024";"12:57:33";"116";"Sem vítima";"61,850";"BR-277/PR";"Crescente";"Saída de pista";1;0;0;0;0;0;0;0;0;0;1;0;0;0;0
"18/05/2024";"03:20:00";"126";"Com vítima";"33,500";"BR-277/PR";"Decrescente";"Queda de moto";0;0;0;1;0;0;0;0;0;0;1;0;0;0;0
"18/05/2024";"03:43:47";"132";"Com vítima";"3,100";"BR-277/PR";"Crescente";"Colisão traseira";1;0;0;1;0;0;0;0;0;0;1;0;0;0;0
"18/05/2024";"08:55:06";"153";"Com vítima";"61,010";"BR-277/PR";"Decrescente";"Atropelamento de pedestre";0;0;0;0;0;0;0;0;0;0;0;0;0;0;0
"19/05/2024";"02:06:00";"29";"Sem vítima";"8,200";"BR-277/PR";"Crescente";"Choque";1;0;0;0;0;0;0;0;0;0;1;0;0;0;0
"19/05/2024";"07:11:11";"48";"Sem vítima";"19,459";"BR-153/PR";"Crescente";"Tombamento";0;0;1;0;0;0;0;0;0;0;1;0;0;0;0
"19/05/2024";"03:23:25";"105";"Com vítima";"86,183";"BR-369/PR";"Decrescente";"Colisão transversal";1;0;0;0;0;0;0;0;0;1;2;0;0;0;0
"20/05/2024";"04:04:00";"35";"Com vítima";"11,200";"407/PR";"Decrescente";"Colisão lateral no mesmo sentido";1;0;0;1;0;0;0;0;0;0;1;0;0;0;0
"21/05/2024";"03:47:00";"28";"Sem vítima";"43,980";"BR-277/PR";"Crescente";"Saída de pista";0;0;1;0;0;0;0;0;0;0;1;0;0;0;0
"21/05/2024";"07:05:44";"93";"Sem vítima";"4,600";"855/PR";"Crescente";"Colisão transversal";0;0;0;0;0;0;0;0;0;2;3;0;0;0;0
"21/05/2024";"01:20:00";"165";"Com vítima";"1,744";"411/PR";"Decrescente";"Colisão transversal";1;0;0;1;0;0;0;0;0;0;1;0;0;0;0
"21/05/2024";"04:27:06";"192";"Com vítima";"19,610";"BR-277/PR";"Crescente";"Colisão traseira";0;0;2;0;0;0;0;0;0;0;1;0;0;0;0
"21/05/2024";"08:51:25";"216";"Sem vítima";"37,050";"BR-153/PR";"Crescente";"Atropelamento de animal";0;0;0;0;1;0;0;0;0;0;1;0;0;0;0
"22/05/2024";"03:28:44";"30";"Sem vítima";"43,200";"BR-277/PR";"Decrescente";"Choque";0;0;1;0;0;0;0;0;0;0;2;0;0;0;0
"22/05/2024";"08:23:09";"130";"Sem vítima";"60,250";"BR-277/PR";"Crescente";"Colisão traseira";1;0;1;0;0;0;0;0;0;0;2;0;0;0;0
"22/05/2024";"02:25:49";"187";"Com vítima";"0,100";"508/PR";"Decrescente";"Colisão lateral no mesmo sentido";0;0;0;1;0;0;0;0;0;0;0;0;0;0;0
"22/05/2024";"03:20:30";"197";"Com vítima";"74,900";"BR-277/PR";"Decrescente";"Colisão traseira";1;0;0;1;0;0;0;0;0;0;1;0;0;0;0
"22/05/2024";"04:35:00";"211";"Com vítima";"65,800";"BR-277/PR";"Decrescente";"Choque";1;0;0;0;0;0;0;0;0;0;0;0;0;0;0
"22/05/2024";"11:04:00";"18";"Com vítima";"20,228";"BR-153/PR";"Decrescente";"Colisão traseira";1;0;0;1;0;0;0;0;0;0;1;0;0;0;0
"23/05/2024";"12:15:30";"161";"Com vítima";"63,119";"BR-277/PR";"Decrescente";"Capotamento";1;0;0;0;0;0;0;0;0;0;0;0;0;0;0
"23/05/2024";"03:46:00";"188";"Com vítima";"69,500";"BR-277/PR";"Crescente";"Engavetamento";3;0;0;0;0;0;0;0;0;0;3;0;0;0;0
"23/05/2024";"04:56:15";"197";"Com vítima";"71,720";"BR-277/PR";"Decrescente";"Colisão traseira";2;0;0;0;0;0;0;0;0;0;0;0;0;0;0
"23/05/2024";"05:10:44";"198";"Com vítima";"31,620";"BR-153/PR";"Crescente";"Colisão transversal";1;0;1;0;0;0;0;0;0;0;1;0;0;0;0
"24/05/2024";"04:28:00";"41";"Com vítima";"76,800";"BR-277/PR";"Crescente";"Colisão lateral no mesmo sentido";1;0;0;1;0;0;0;0;0;0;3;0;0;0;0
"24/05/2024";"05:19:04";"64";"Com vítima";"78,050";"BR-277/PR";"Crescente";"Colisão lateral no mesmo sentido";0;0;0;2;0;0;0;0;0;0;0;0;0;0;0
"24/05/2024";"06:00:00";"72";"Com vítima";"23,700";"BR-153/PR";"Decrescente";"Colisão traseira";2;0;0;0;0;0;0;0;0;0;1;0;0;0;0
"24/05/2024";"07:21:17";"84";"Sem vítima";"41,990";"BR-277/PR";"Decrescente";"Colisão traseira";0;0;2;0;0;0;0;0;0;1;5;0;0;0;0
"24/05/2024";"03:58:01";"155";"Sem vítima";"39,100";"BR-277/PR";"Crescente";"Colisão traseira";1;0;0;0;0;0;0;0;0;0;1;0;0;0;0
"24/05/2024";"05:14:00";"167";"Sem vítima";"29,300";"BR-277/PR";"Decrescente";"Saída de pista";1;0;0;0;0;0;0;0;0;0;1;0;0;0;0
"25/05/2024";"02:58:00";"21";"Sem vítima";"5,009";"407/PR";"Crescente";"Saída de pista";1;0;0;0;0;0;0;0;0;0;3;0;0;0;0
"25/05/2024";"05:59:00";"50";"Sem vítima";"65,120";"BR-277/PR";"Crescente";"Colisão traseira";2;0;0;0;0;0;0;0;0;0;2;0;0;0;0
"25/05/2024";"10:26:50";"91";"Sem vítima";"51,900";"BR-277/PR";"Crescente";"Colisão lateral no mesmo sentido";1;0;1;0;0;0;0;0;0;0;4;0;0;0;0
"25/05/2024";"02:40:55";"120";"Com vítima";"11,120";"407/PR";"Decrescente";"Colisão traseira";0;0;0;1;0;0;0;0;0;1;1;0;0;0;0
"25/05/2024";"05:55:55";"143";"Sem vítima";"3,500";"BR-277/PR";"Decrescente";"Colisão lateral no mesmo sentido";1;0;1;0;0;0;0;0;0;0;2;0;0;0;0
"25/05/2024";"06:43:57";"146";"Sem vítima";"61,220";"BR-277/PR";"Decrescente";"Saída de pista";1;0;0;0;0;0;0;0;0;0;1;0;0;0;0
"25/05/2024";"06:50:01";"147";"Com vítima";"71,950";"BR-277/PR";"Crescente";"Colisão lateral no mesmo sentido";2;0;0;0;0;0;0;0;0;0;3;0;0;0;0
"26/05/2024";"12:38:00";"23";"Com vítima";"75,119";"BR-277/PR";"Crescente";"Choque";1;0;0;1;0;0;0;0;0;0;1;0;0;0;0
"26/05/2024";"12:38:28";"25";"Com vítima";"75,120";"BR-277/PR";"Crescente";"Queda de moto";0;0;0;1;0;0;0;0;0;0;0;0;0;0;0
"26/05/2024";"01:54:00";"26";"Sem vítima";"76,800";"BR-277/PR";"Crescente";"Choque";1;0;0;0;0;0;0;0;0;0;1;0;0;0;0
"26/05/2024";"03:40:19";"32";"Sem vítima";"42,980";"BR-277/PR";"Crescente";"Choque";0;0;0;0;0;0;0;0;0;1;2;0;0;0;0
"26/05/2024";"05:51:55";"45";"Sem vítima";"36,400";"BR-277/PR";"Decrescente";"Choque";1;0;0;0;0;0;0;0;0;0;5;0;0;0;0
"26/05/2024";"10:27:38";"100";"Com vítima";"22,092";"BR-153/PR";"Decrescente";"Tombamento";0;0;1;0;0;0;0;0;0;0;0;0;0;0;0
"26/05/2024";"05:52:00";"149";"Sem vítima";"13,100";"BR-277/PR";"Crescente";"Choque";1;0;0;0;0;0;0;0;0;0;1;0;0;0;0
"26/05/2024";"05:52:00";"150";"Com vítima";"65,950";"BR-369/PR";"Crescente";"Colisão traseira";2;0;0;0;0;0;0;0;0;0;3;0;0;0;0
"27/05/2024";"03:59:37";"27";"Sem vítima";"66,158";"BR-369/PR";"Decrescente";"Atropelamento de animal";1;0;0;0;0;0;0;0;0;0;2;0;0;0;0
"27/05/2024";"09:42:36";"86";"Com vítima";"16,778";"BR-153/PR";"Decrescente";"Choque";0;0;1;0;0;0;0;0;0;0;0;0;0;0;0
"27/05/2024";"02:26:48";"115";"Sem vítima";"4,150";"BR-277/PR";"Crescente";"Colisão traseira";0;0;1;0;1;0;0;0;0;0;3;0;0;0;0
"27/05/2024";"03:34:00";"123";"Sem vítima";"75,200";"BR-277/PR";"Decrescente";"Saída de pista";1;0;0;0;0;0;0;0;0;0;1;0;0;0;0
"27/05/2024";"08:14:30";"149";"Sem vítima";"15,556";"BR-277/PR";"Decrescente";"Choque";0;0;1;0;0;0;0;0;0;0;1;0;0;0;0
"28/05/2024";"05:28:35";"61";"Sem vítima";"42,216";"BR-153/PR";"Crescente";"Colisão traseira";1;0;0;0;0;0;0;0;0;1;2;0;0;0;0
"28/05/2024";"02:41:00";"174";"Sem vítima";"75,100";"BR-277/PR";"Crescente";"Colisão traseira";2;0;0;0;0;0;0;0;0;0;3;0;0;0;0
"28/05/2024";"03:30:47";"178";"Sem vítima";"75,100";"BR-277/PR";"Decrescente";"Engavetamento";3;0;0;0;0;0;0;0;0;0;3;0;0;0;0
"29/05/2024";"04:14:43";"42";"Sem vítima";"75,100";"BR-277/PR";"Crescente";"Colisão lateral no mesmo sentido";1;0;0;1;0;0;0;0;0;0;2;0;0;0;0
"29/05/2024";"05:24:55";"76";"Sem vítima";"6,900";"855/PR";"Crescente";"Colisão traseira";2;0;0;0;0;0;0;0;0;0;1;0;0;0;0
"29/05/2024";"05:35:22";"78";"Sem vítima";"36,110";"BR-277/PR";"Decrescente";"Colisão lateral no mesmo sentido";0;0;2;0;0;0;0;0;0;0;2;0;0;0;0
"29/05/2024";"12:24:21";"150";"Sem vítima";"14,500";"BR-277/PR";"Decrescente";"Colisão lateral no mesmo sentido";1;0;1;0;0;0;0;0;0;0;3;0;0;0;0
"29/05/2024";"12:34:04";"151";"Sem vítima";"45,050";"BR-277/PR";"Crescente";"Colisão lateral no mesmo sentido";1;0;1;0;0;0;0;0;0;0;2;0;0;0;0
"29/05/2024";"12:59:10";"153";"Sem vítima";"10,500";"BR-277/PR";"Crescente";"Saída de pista";1;0;0;0;0;0;0;0;0;0;3;0;0;0;0
"29/05/2024";"02:31:13";"164";"Sem vítima";"76,200";"BR-277/PR";"Crescente";"Colisão traseira";2;0;0;0;0;0;0;0;0;0;2;0;0;0;0
"29/05/2024";"07:11:37";"196";"Sem vítima";"37,710";"BR-153/PR";"Decrescente";"Tombamento";0;0;1;0;0;0;0;0;0;0;1;0;0;0;0
"29/05/2024";"11:14:38";"15";"Com vítima";"9,200";"BR-277/PR";"Decrescente";"Tombamento";0;0;1;0;0;0;0;0;0;0;0;0;0;0;0
"30/05/2024";"01:11:28";"21";"Sem vítima";"3,121";"BR-277/PR";"Decrescente";"Choque";1;0;0;0;0;0;0;0;0;0;2;0;0;0;0
"30/05/2024";"01:44:00";"23";"Com vítima";"37,820";"BR-153/PR";"Crescente";"Capotamento";0;0;0;0;0;0;0;0;0;1;0;0;0;0;0
"30/05/2024";"03:34:32";"31";"Sem vítima";"35,400";"BR-277/PR";"Decrescente";"Colisão traseira";1;0;0;0;0;0;0;0;0;0;2;0;0;0;0
"30/05/2024";"04:14:24";"34";"Sem vítima";"50,340";"BR-369/PR";"Crescente";"Choque";1;0;0;0;0;0;0;0;0;0;1;0;0;0;0
"30/05/2024";"06:37:44";"50";"Sem vítima";"16,100";"BR-277/PR";"Decrescente";"Saída de pista";1;0;0;0;0;0;0;0;0;0;2;0;0;0;0
"30/05/2024";"09:15:27";"72";"Sem vítima";"36,120";"BR-277/PR";"Crescente";"Colisão traseira";1;0;0;0;0;0;0;0;0;0;2;0;0;0;0
"30/05/2024";"03:40:08";"124";"Com vítima";"0,100";"508/PR";"Crescente";"Saída de pista";1;0;0;0;0;0;0;0;0;0;0;0;0;0;0
"31/05/2024";"05:24:57";"44";"Com vítima";"28,100";"508/PR";"Crescente";"Colisão traseira";2;0;0;0;0;0;0;0;0;0;0;0;0;0;0
"31/05/2024";"10:37:29";"130";"Sem vítima";"68,200";"BR-277/PR";"Decrescente";"Choque";1;0;0;0;0;0;0;0;0;0;3;0;0;0;0
"31/05/2024";"01:51:54";"159";"Com vítima";"2,300";"407/PR";"Decrescente";"Colisão traseira";0;0;0;0;1;0;0;0;0;1;1;0;0;0;0
"31/05/2024";"03:41:15";"173";"Com vítima";"0,630";"804/PR";"Crescente";"Colisão lateral no mesmo sentido";1;0;1;0;0;0;0;0;0;0;2;0;0;0;0
"01/06/2024";"05:12:19";"31";"Com vítima";"48,695";"BR-369/PR";"Crescente";"Choque";1;0;0;0;0;0;0;0;0;0;0;0;0;0;0
"01/06/2024";"09:29:00";"4";"Sem vítima";"6,500";"BR-277/PR";"Decrescente";"Choque";1;0;0;0;0;0;0;0;0;0;1;0;0;0;0
"02/06/2024";"01:53:47";"15";"Sem vítima";"9,800";"407/PR";"Crescente";"Choque";1;0;0;0;0;0;0;0;0;0;1;0;0;0;0
"02/06/2024";"02:36:46";"122";"Com vítima";"60,250";"BR-277/PR";"Crescente";"Queda de moto";0;0;0;1;0;0;0;0;0;0;0;0;0;0;0
"02/06/2024";"05:01:09";"154";"Com vítima";"0,090";"407/PR";"Decrescente";"Queda de moto";0;0;0;1;0;0;0;0;0;0;1;0;0;0;0
"03/06/2024";"04:19:25";"42";"Com vítima";"75,284";"BR-277/PR";"Crescente";"Colisão traseira";1;0;0;1;0;0;0;0;0;0;2;0;0;0;0
"03/06/2024";"04:30:46";"165";"Com vítima";"6,690";"BR-277/PR";"Crescente";"Queda de moto";0;0;0;1;0;0;0;0;0;0;0;0;0;0;0
"03/06/2024";"04:31:54";"166";"Sem vítima";"64,819";"BR-277/PR";"Crescente";"Saída de pista";1;0;0;0;0;0;0;0;0;0;2;0;0;0;0
"03/06/2024";"04:44:25";"168";"Com vítima";"5,630";"BR-277/PR";"Crescente";"Engavetamento";2;0;2;1;0;0;0;0;0;0;3;0;0;0;0
"04/06/2024";"06:59:44";"130";"Com vítima";"25,078";"BR-277/PR";"Crescente";"Colisão traseira";0;0;1;1;0;0;0;0;0;0;1;0;0;0;1
"04/06/2024";"12:48:24";"176";"Sem vítima";"37,120";"BR-369/PR";"Decrescente";"Colisão lateral no mesmo sentido";2;0;0;0;0;0;0;0;0;0;1;0;0;0;0
"04/06/2024";"01:20:00";"181";"Sem vítima";"19,470";"BR-277/PR";"Decrescente";"Saída de pista";1;0;0;0;0;0;0;0;0;0;1;0;0;0;0
"04/06/2024";"05:47:44";"213";"Com vítima";"31,010";"BR-153/PR";"Crescente";"Queda de moto";0;0;0;1;0;0;0;0;0;0;1;0;0;0;0
"05/06/2024";"11:03:34";"141";"Com vítima";"31,820";"BR-277/PR";"Decrescente";"Tombamento";0;0;1;0;0;0;0;0;0;0;0;0;0;0;0
"05/06/2024";"01:35:02";"160";"Sem vítima";"41,930";"BR-277/PR";"Decrescente";"Colisão traseira";0;0;2;0;0;0;0;0;0;0;3;0;0;0;0
"05/06/2024";"04:22:02";"180";"Com vítima";"39,659";"BR-153/PR";"Crescente";"Colisão traseira";0;0;2;0;0;0;0;0;0;0;1;0;0;0;0
"06/06/2024";"03:58:41";"23";"Com vítima";"77,150";"BR-277/PR";"Crescente";"Colisão lateral no mesmo sentido";1;0;0;1;0;0;0;0;0;0;2;0;0;0;0
"06/06/2024";"04:42:55";"50";"Com vítima";"1,556";"508/PR";"Crescente";"Colisão traseira";0;0;1;1;0;0;0;0;0;0;1;0;0;0;0
"07/06/2024";"04:53:41";"64";"Sem vítima";"76,100";"BR-277/PR";"Crescente";"Queda de moto";0;0;0;1;0;0;0;0;0;0;2;0;0;0;0
"07/06/2024";"01:27:42";"156";"Sem vítima";"57,119";"BR-277/PR";"Crescente";"Choque";0;0;1;0;0;0;0;0;0;0;1;0;0;0;0
"07/06/2024";"02:57:48";"164";"Sem vítima";"74,100";"BR-277/PR";"Crescente";"Colisão traseira";2;0;0;0;0;0;0;0;0;0;2;0;0;0;0
"07/06/2024";"03:22:37";"167";"Sem vítima";"74,100";"BR-277/PR";"Crescente";"Colisão lateral no mesmo sentido";1;0;1;0;0;0;0;0;0;0;2;0;0;0;0
"07/06/2024";"04:11:00";"179";"Sem vítima";"61,550";"BR-277/PR";"Crescente";"Colisão lateral no mesmo sentido";1;0;1;0;0;0;0;0;0;0;2;0;0;0;0
"07/06/2024";"10:33:00";"19";"Com vítima";"4,500";"BR-277/PR";"Decrescente";"Queda de moto";0;0;0;1;0;0;0;0;0;0;0;0;0;0;0
"08/06/2024";"12:25:19";"39";"Sem vítima";"9,650";"508/PR";"Crescente";"Choque";1;0;0;0;0;0;0;0;0;0;2;0;0;0;0
"08/06/2024";"07:27:37";"109";"Sem vítima";"41,900";"BR-277/PR";"Decrescente";"Choque";0;0;1;0;0;0;0;0;0;0;1;0;0;0;0
"08/06/2024";"07:57:49";"114";"Com vítima";"4,960";"BR-277/PR";"Crescente";"Tombamento";0;0;1;0;0;0;0;0;0;0;0;0;0;0;0
"08/06/2024";"09:05:16";"124";"Sem vítima";"42,600";"BR-277/PR";"Decrescente";"Engavetamento";2;0;1;0;0;0;0;0;0;0;7;0;0;0;0
"08/06/2024";"01:11:00";"154";"Sem vítima";"20,380";"BR-277/PR";"Crescente";"Choque";1;0;0;0;0;0;0;0;0;0;2;0;0;0;0
"08/06/2024";"02:23:00";"160";"Sem vítima";"37,600";"BR-277/PR";"Decrescente";"Choque";1;0;0;0;0;0;0;0;0;0;2;0;0;0;0
"08/06/2024";"05:48:00";"194";"Sem vítima";"37,640";"BR-277/PR";"Decrescente";"Choque";1;0;0;0;0;0;0;0;0;0;4;0;0;0;0
"08/06/2024";"10:12:09";"29";"Com vítima";"13,105";"BR-277/PR";"Decrescente";"Choque";1;0;0;0;0;0;0;0;0;0;1;0;0;0;0
"08/06/2024";"10:46:00";"39";"Sem vítima";"63,400";"BR-277/PR";"Crescente";"Saída de pista";1;0;0;0;0;0;0;0;0;0;1;0;0;0;0
"09/06/2024";"12:48:00";"48";"Com vítima";"30,100";"BR-277/PR";"Decrescente";"Capotamento";1;0;0;0;0;0;0;0;0;0;0;0;0;0;0
"09/06/2024";"02:31:14";"56";"Sem vítima";"44,584";"BR-277/PR";"Decrescente";"Choque";1;0;0;0;0;0;0;0;0;0;1;0;0;0;0
"09/06/2024";"04:11:56";"62";"Com vítima";"4,141";"508/PR";"Crescente";"Tombamento";0;0;1;0;0;0;0;0;0;0;0;0;0;0;0
"09/06/2024";"04:47:14";"70";"Sem vítima";"51,618";"BR-277/PR";"Crescente";"Colisão traseira";1;0;1;0;0;0;0;0;0;0;2;0;0;0;0
"09/06/2024";"01:05:00";"165";"Sem vítima";"8,327";"BR-277/PR";"Crescente";"Capotamento";1;0;0;0;0;0;0;0;0;0;1;0;0;0;0
"09/06/2024";"03:58:00";"200";"Sem vítima";"76,450";"BR-277/PR";"Crescente";"Choque";1;0;0;0;0;0;0;0;0;0;1;0;0;0;0
"09/06/2024";"04:43:58";"217";"Com vítima";"51,500";"BR-369/PR";"Crescente";"Choque";1;0;0;0;0;0;0;0;0;0;2;0;0;0;0
"09/06/2024";"06:28:07";"232";"Sem vítima";"7,100";"411/PR";"Crescente";"Choque";1;0;0;0;0;0;0;0;0;0;1;0;0;0;0
"09/06/2024";"08:11:35";"239";"Com vítima";"16,980";"BR-153/PR";"Decrescente";"Choque";1;0;0;0;0;0;0;0;0;0;0;0;0;0;0
"10/06/2024";"07:27:50";"109";"Com vítima";"72,360";"BR-277/PR";"Crescente";"Colisão traseira";2;0;0;0;0;0;0;0;0;0;2;0;0;0;0
"10/06/2024";"01:13:00";"166";"Com vítima";"20,200";"BR-277/PR";"Decrescente";"Capotamento";1;0;0;0;0;0;0;0;0;0;0;0;0;0;0
"10/06/2024";"06:29:24";"207";"Com vítima";"16,320";"BR-369/PR";"Decrescente";"Saída de pista";0;0;1;0;0;0;0;0;0;0;0;0;0;0;0
"11/06/2024";"04:05:01";"35";"Sem vítima";"38,940";"BR-277/PR";"Decrescente";"Tombamento";0;0;1;0;0;0;0;0;0;0;1;0;0;0;0
"11/06/2024";"01:13:00";"149";"Com vítima";"5,786";"239/PR";"Decrescente";"Queda de moto";1;0;0;0;0;0;0;0;0;0;0;0;0;0;0
"11/06/2024";"03:55:13";"169";"Com vítima";"82,270";"BR-369/PR";"Crescente";"Queda de moto";0;0;0;1;0;0;0;0;0;0;0;0;0;0;0
"12/06/2024";"08:26:15";"102";"Com vítima";"17,120";"BR-153/PR";"Decrescente";"Colisão traseira";0;0;0;0;0;0;0;0;0;1;0;0;0;0;0
"12/06/2024";"12:53:13";"144";"Com vítima";"20,510";"BR-153/PR";"Decrescente";"Colisão transversal";2;0;0;0;0;0;0;0;0;0;0;0;0;0;0
"12/06/2024";"04:13:14";"177";"Sem vítima";"10,690";"BR-277/PR";"Decrescente";"Choque";1;0;0;0;0;0;0;0;0;0;1;0;0;0;0
"12/06/2024";"05:49:00";"199";"Com vítima";"66,240";"BR-277/PR";"Decrescente";"Colisão traseira";0;0;0;2;0;0;0;0;0;0;0;0;0;0;0
"13/06/2024";"03:23:22";"64";"Sem vítima";"48,804";"BR-153/PR";"Decrescente";"Colisão frontal";1;0;1;0;0;0;0;0;0;0;3;0;0;0;0
"13/06/2024";"12:07:34";"143";"Com vítima";"60,200";"BR-277/PR";"Crescente";"Choque";1;0;0;0;0;0;0;0;0;0;0;0;0;0;0
"13/06/2024";"03:15:45";"166";"Com vítima";"75,100";"BR-277/PR";"Crescente";"Colisão traseira";1;0;0;1;0;0;0;0;0;0;1;0;0;0;0
"14/06/2024";"03:52:33";"37";"Com vítima";"80,183";"BR-277/PR";"Crescente";"Colisão traseira";1;0;0;1;0;0;0;0;0;0;1;0;0;0;0
"14/06/2024";"01:54:00";"166";"Com vítima";"20,310";"BR-277/PR";"Decrescente";"Capotamento";1;0;0;0;0;0;0;0;0;0;0;0;0;0;0
"14/06/2024";"04:17:00";"181";"Com vítima";"69,716";"BR-369/PR";"Crescente";"Choque";1;0;0;0;0;0;0;0;0;0;0;0;0;0;0
"14/06/2024";"06:33:16";"195";"Com vítima";"26,252";"BR-153/PR";"Decrescente";"Choque";1;0;0;0;0;0;0;0;0;0;0;0;0;0;0
"15/06/2024";"03:54:00";"17";"Com vítima";"39,993";"BR-153/PR";"Crescente";"Colisão lateral no mesmo sentido";1;0;1;0;0;0;0;0;0;0;1;0;0;0;0
"15/06/2024";"09:13:40";"66";"Com vítima";"57,780";"BR-277/PR";"Crescente";"Queda de moto";0;0;0;1;0;0;0;0;0;0;0;0;0;0;0
"15/06/2024";"09:17:42";"67";"Sem vítima";"70,540";"BR-277/PR";"Crescente";"Colisão traseira";1;0;1;0;0;0;0;0;0;0;3;0;0;0;0
"15/06/2024";"10:14:38";"79";"Com vítima";"33,220";"BR-277/PR";"Crescente";"Choque";1;0;0;0;0;0;0;0;0;0;0;0;0;0;0
"15/06/2024";"02:30:57";"123";"Com vítima";"30,620";"BR-153/PR";"Crescente";"Colisão transversal";0;0;1;1;0;0;0;0;0;0;1;0;0;0;0
"15/06/2024";"10:47:42";"11";"Com vítima";"0,800";"407/PR";"Decrescente";"Queda de moto";0;0;0;1;0;0;0;0;0;0;0;0;0;0;0
"16/06/2024";"08:38:41";"66";"Com vítima";"70,880";"BR-277/PR";"Crescente";"Queda de moto";0;0;0;1;0;0;0;0;0;0;0;0;0;0;0
"16/06/2024";"02:02:08";"113";"Com vítima";"10,100";"BR-277/PR";"Crescente";"Queda de moto";0;0;0;1;0;0;0;0;0;0;0;0;0;0;0
"16/06/2024";"03:26:52";"127";"Com vítima";"75,860";"BR-277/PR";"Crescente";"Colisão traseira";1;0;0;1;0;0;0;0;0;0;4;0;0;0;1
"16/06/2024";"03:46:37";"133";"Sem vítima";"41,100";"BR-277/PR";"Crescente";"Colisão lateral no mesmo sentido";1;0;0;1;0;0;0;0;0;0;4;0;0;0;0
"17/06/2024";"06:32:06";"95";"Com vítima";"77,616";"BR-277/PR";"Crescente";"Colisão lateral no mesmo sentido";0;0;2;0;0;0;0;0;0;0;1;0;0;0;0
"17/06/2024";"11:52:49";"152";"Sem vítima";"44,863";"BR-277/PR";"Decrescente";"Colisão traseira";0;0;1;0;0;0;0;0;0;0;1;0;0;0;0
"17/06/2024";"12:59:49";"170";"Com vítima";"77,863";"BR-369/PR";"Decrescente";"Colisão lateral no mesmo sentido";1;0;1;0;0;0;0;0;0;0;1;0;0;0;0
"18/06/2024";"03:19:08";"31";"Sem vítima";"0,090";"855/PR";"Crescente";"Choque";1;0;0;0;0;0;0;0;0;0;3;0;0;0;0
"18/06/2024";"11:01:40";"163";"Sem vítima";"1,400";"BR-369/PR";"Crescente";"Colisão traseira";1;0;1;0;0;0;0;0;0;0;4;0;0;0;0
"18/06/2024";"11:14:00";"164";"Com vítima";"22,536";"BR-369/PR";"Crescente";"Queda de moto";0;0;0;1;0;0;0;0;0;0;0;0;0;0;0
"18/06/2024";"07:54:00";"214";"Sem vítima";"75,950";"BR-277/PR";"Decrescente";"Colisão lateral no mesmo sentido";2;0;0;0;0;0;0;0;0;0;2;0;0;0;0
"18/06/2024";"09:51:54";"16";"Sem vítima";"3,670";"508/PR";"Crescente";"Saída de pista";1;0;0;0;0;0;0;0;0;0;2;0;0;0;0
"18/06/2024";"11:56:13";"25";"Sem vítima";"17,630";"BR-369/PR";"Decrescente";"Atropelamento de animal";0;0;1;0;0;0;0;0;0;0;2;0;0;0;0
"19/06/2024";"03:48:00";"47";"Com vítima";"41,010";"BR-369/PR";"Crescente";"Tombamento";0;0;1;0;0;0;0;0;0;0;0;0;0;0;0
"19/06/2024";"04:53:54";"76";"Com vítima";"3,887";"239/PR";"Crescente";"Tombamento";0;0;1;0;0;0;0;0;0;0;0;0;0;0;0
"19/06/2024";"05:07:05";"80";"Sem vítima";"4,600";"BR-369/PR";"Decrescente";"Choque";0;0;0;0;0;0;0;0;0;1;1;0;0;0;0
"19/06/2024";"05:37:34";"92";"Com vítima";"3,413";"BR-277/PR";"Decrescente";"Colisão lateral no mesmo sentido";1;0;0;1;0;0;0;0;0;0;1;0;0;0;0
"19/06/2024";"06:04:53";"102";"Com vítima";"32,516";"BR-277/PR";"Crescente";"Capotamento";1;0;0;0;0;0;0;0;0;0;0;0;0;0;0
"19/06/2024";"07:46:03";"128";"Sem vítima";"43,500";"BR-277/PR";"Crescente";"Colisão traseira";0;0;2;0;0;0;0;0;0;0;2;0;0;0;0
"19/06/2024";"03:40:32";"197";"Sem vítima";"76,050";"BR-277/PR";"Crescente";"Engavetamento";3;0;0;0;0;0;0;0;0;0;3;0;0;0;0
"19/06/2024";"05:51:33";"212";"Com vítima";"2,500";"508/PR";"Crescente";"Capotamento";1;0;0;0;0;0;0;0;0;0;0;0;0;0;0
"20/06/2024";"05:11:22";"51";"Com vítima";"21,696";"BR-369/PR";"Crescente";"Capotamento";0;0;0;0;0;0;0;0;0;1;0;0;0;0;0
"20/06/2024";"11:17:07";"136";"Com vítima";"2,120";"BR-277/PR";"Decrescente";"Colisão traseira";1;0;0;1;0;0;0;0;0;0;1;0;0;0;0
"20/06/2024";"03:27:00";"171";"Sem vítima";"17,010";"407/PR";"Crescente";"Choque";1;0;0;0;0;0;0;0;0;0;1;0;0;0;0
"20/06/2024";"04:14:03";"180";"Com vítima";"17,100";"407/PR";"Decrescente";"Queda de moto";0;0;0;1;0;0;0;0;0;0;0;0;0;0;0
"20/06/2024";"05:41:00";"185";"Com vítima";"18,100";"BR-153/PR";"Decrescente";"Choque";1;0;0;0;0;0;0;0;0;0;0;0;0;0;0
"21/06/2024";"04:22:19";"51";"Com vítima";"48,156";"BR-369/PR";"Decrescente";"Colisão lateral no mesmo sentido";1;0;1;0;0;0;0;0;0;0;3;0;0;0;0
"22/06/2024";"02:35:40";"36";"Com vítima";"69,083";"BR-277/PR";"Decrescente";"Colisão traseira";2;0;0;0;0;0;0;0;0;0;3;0;0;0;0
"22/06/2024";"01:00:19";"112";"Com vítima";"60,250";"BR-277/PR";"Crescente";"Colisão traseira";1;0;1;0;0;0;0;0;0;0;5;0;0;0;0
"22/06/2024";"03:44:26";"138";"Sem vítima";"11,800";"BR-277/PR";"Crescente";"Saída de pista";1;0;0;0;0;0;0;0;0;0;2;0;0;0;0
"22/06/2024";"05:55:14";"154";"Com vítima";"72,010";"BR-277/PR";"Decrescente";"Choque";1;0;0;0;0;0;0;0;0;0;0;0;0;0;0
"23/06/2024";"02:47:22";"36";"Com vítima";"1,900";"BR-153/PR";"Crescente";"Choque";1;0;0;0;0;0;0;0;0;0;0;0;0;0;0
"23/06/2024";"03:02:00";"38";"Sem vítima";"72,929";"BR-277/PR";"Decrescente";"Choque";1;0;0;0;0;0;0;0;0;0;1;0;0;0;0
"23/06/2024";"06:14:00";"64";"Sem vítima";"24,068";"BR-153/PR";"Crescente";"Colisão lateral no mesmo sentido";2;0;0;0;0;0;0;0;0;0;4;0;0;0;0
"23/06/2024";"03:27:00";"179";"Com vítima";"6,400";"508/PR";"Decrescente";"Choque";1;0;0;0;0;0;0;0;0;0;0;0;0;0;0
"24/06/2024";"03:25:39";"33";"Sem vítima";"34,410";"BR-277/PR";"Crescente";"Tombamento";0;0;1;0;0;0;0;0;0;0;1;0;0;0;0
"24/06/2024";"07:50:16";"124";"Sem vítima";"35,280";"BR-153/PR";"Crescente";"Tombamento";0;0;1;0;0;0;0;0;0;0;1;0;0;0;0
"24/06/2024";"10:27:36";"154";"Com vítima";"76,069";"BR-277/PR";"Decrescente";"Queda de moto";0;0;0;1;0;0;0;0;0;0;0;0;0;0;0
"24/06/2024";"10:52:00";"158";"Sem vítima";"13,020";"BR-277/PR";"Decrescente";"Choque";1;0;0;0;0;0;0;0;0;0;2;0;0;0;0
"24/06/2024";"12:11:08";"172";"Com vítima";"3,160";"239/PR";"Crescente";"Colisão lateral no mesmo sentido";0;0;2;0;0;0;0;0;0;0;1;0;0;0;0
"24/06/2024";"01:01:57";"180";"Sem vítima";"36,360";"BR-277/PR";"Decrescente";"Choque";1;0;0;0;0;0;0;0;0;0;2;0;0;0;0
"24/06/2024";"01:31:27";"185";"Com vítima";"34,010";"BR-277/PR";"Crescente";"Choque";1;0;0;0;0;0;0;0;0;0;0;0;0;0;0
"24/06/2024";"02:20:21";"190";"Sem vítima";"36,500";"BR-277/PR";"Decrescente";"Colisão traseira";2;0;0;0;0;0;0;0;0;0;3;0;0;0;0
"24/06/2024";"06:41:00";"213";"Sem vítima";"6,300";"BR-277/PR";"Decrescente";"Saída de pista";0;0;1;0;0;0;0;0;0;0;1;0;0;0;0
"25/06/2024";"07:38:55";"90";"Sem vítima";"32,440";"BR-277/PR";"Crescente";"Saída de pista";1;0;0;0;0;0;0;0;0;0;2;0;0;0;0
"25/06/2024";"01:51:38";"129";"Sem vítima";"32,320";"BR-277/PR";"Crescente";"Saída de pista";0;0;0;0;0;0;0;0;0;1;1;0;0;0;0
"26/06/2024";"01:09:57";"154";"Sem vítima";"39,213";"BR-369/PR";"Crescente";"Colisão transversal";0;0;0;0;0;0;0;0;0;1;1;0;0;0;0
"26/06/2024";"03:19:53";"172";"Sem vítima";"68,030";"BR-277/PR";"Crescente";"Colisão traseira";2;0;0;0;0;0;0;0;0;0;3;0;0;0;0
"26/06/2024";"03:44:00";"175";"Sem vítima";"74,530";"BR-277/PR";"Crescente";"Choque";1;0;0;0;0;0;0;0;0;0;1;0;0;0;0
"26/06/2024";"05:40:27";"189";"Com vítima";"11,210";"BR-277/PR";"Crescente";"Colisão transversal";1;0;0;1;0;0;0;0;0;0;1;0;0;0;0
"27/06/2024";"04:37:00";"57";"Com vítima";"33,276";"BR-277/PR";"Crescente";"Choque";1;0;0;0;0;0;0;0;0;0;0;0;0;0;0
"27/06/2024";"05:56:00";"88";"Com vítima";"37,989";"BR-277/PR";"Crescente";"Capotamento";1;0;0;0;0;0;0;0;0;0;0;0;0;0;0
"27/06/2024";"09:45:48";"116";"Com vítima";"42,120";"BR-153/PR";"Decrescente";"Colisão lateral no mesmo sentido";1;0;0;1;0;0;0;0;0;0;1;0;0;0;0
"28/06/2024";"08:36:26";"103";"Com vítima";"2,180";"239/PR";"Crescente";"Colisão traseira";1;0;0;1;0;0;0;0;0;0;1;0;0;0;0
"28/06/2024";"10:46:00";"119";"Com vítima";"8,110";"BR-277/PR";"Decrescente";"Colisão traseira";1;0;1;0;0;0;0;0;0;0;1;0;0;0;0
"29/06/2024";"02:15:00";"21";"Sem vítima";"6,900";"BR-277/PR";"Crescente";"Colisão traseira";0;0;0;0;0;0;0;0;0;1;1;0;0;0;0
"29/06/2024";"05:56:21";"41";"Sem vítima";"36,340";"BR-277/PR";"Decrescente";"Choque";1;0;0;0;0;0;0;0;0;0;3;0;0;0;0
"29/06/2024";"07:51:12";"57";"Sem vítima";"1,050";"BR-277/PR";"Crescente";"Choque";0;0;0;0;0;1;0;0;0;0;0;0;0;0;0
"30/06/2024";"06:54:53";"42";"Com vítima";"35,584";"BR-153/PR";"Decrescente";"Colisão traseira";2;0;0;0;0;0;0;0;0;0;4;0;0;0;0
"30/06/2024";"10:00:47";"70";"Com vítima";"11,290";"BR-277/PR";"Crescente";"Queda de moto";0;0;0;1;0;0;0;0;0;0;0;0;0;0;0
"30/06/2024";"01:55:34";"96";"Com vítima";"7,370";"BR-277/PR";"Crescente";"Queda de moto";0;0;0;1;0;0;0;0;0;0;0;0;0;0;0
"30/06/2024";"02:29:28";"100";"Com vítima";"16,200";"407/PR";"Decrescente";"Queda de moto";0;0;0;1;0;0;0;0;0;0;0;0;0;0;0
"30/06/2024";"07:51:00";"123";"Com vítima";"6,500";"407/PR";"Crescente";"Queda de moto";0;0;0;1;0;0;0;0;0;0;0;0;0;0;0
"30/06/2024";"08:28:11";"126";"Com vítima";"2,500";"BR-277/PR";"Crescente";"Atropelamento de animal";0;0;0;1;0;0;0;0;0;0;0;0;0;0;0
"01/07/2024";"12:27:00";"15";"Sem vítima";"21,100";"BR-277/PR";"Decrescente";"Saída de pista";1;0;0;0;0;0;0;0;0;0;1;0;0;0;0
"01/07/2024";"06:07:27";"20";"Sem vítima";"40,251";"BR-277/PR";"Decrescente";"Tombamento";0;0;1;0;0;0;0;0;0;0;1;0;0;0;0
"01/07/2024";"12:28:46";"124";"Com vítima";"47,800";"BR-277/PR";"Crescente";"Colisão traseira";0;0;2;0;0;0;0;0;0;0;1;0;0;0;0
"02/07/2024";"12:25:49";"22";"Sem vítima";"5,430";"239/PR";"Decrescente";"Saída de pista";1;0;0;0;0;0;0;0;0;0;1;0;0;0;0
"02/07/2024";"04:38:00";"53";"Com vítima";"74,019";"BR-277/PR";"Decrescente";"Colisão lateral no mesmo sentido";1;0;0;1;0;0;0;0;0;0;1;0;0;0;0
"02/07/2024";"03:45:32";"170";"Com vítima";"12,820";"508/PR";"Crescente";"Atropelamento de animal";1;0;0;0;0;0;0;0;0;0;0;0;0;0;0
"02/07/2024";"07:54:48";"193";"Sem vítima";"10,050";"BR-369/PR";"Decrescente";"Choque";1;0;0;0;0;0;0;0;0;0;1;0;0;0;0
"03/07/2024";"04:38:28";"40";"Sem vítima";"29,100";"BR-153/PR";"Crescente";"Saída de pista";0;0;1;0;0;0;0;0;0;0;1;0;0;0;0
"03/07/2024";"05:46:11";"65";"Com vítima";"70,340";"BR-277/PR";"Crescente";"Queda de moto";0;0;0;1;0;0;0;0;0;0;0;0;0;0;0
"03/07/2024";"08:35:54";"118";"Sem vítima";"77,840";"BR-277/PR";"Crescente";"Choque";1;0;0;0;0;0;0;0;0;0;1;0;0;0;0
"03/07/2024";"04:12:00";"181";"Com vítima";"44,297";"BR-153/PR";"Decrescente";"Colisão lateral no mesmo sentido";1;0;0;0;0;0;0;0;0;0;0;0;0;0;0
"04/07/2024";"04:16:59";"38";"Com vítima";"1,050";"BR-369/PR";"Crescente";"Queda de moto";0;0;0;1;0;0;0;0;0;0;1;0;0;0;0
"04/07/2024";"04:17:04";"161";"Sem vítima";"13,200";"BR-277/PR";"Crescente";"Choque";1;0;0;0;0;0;0;0;0;0;1;0;0;0;0
"05/07/2024";"02:21:36";"23";"Sem vítima";"60,659";"BR-277/PR";"Decrescente";"Colisão lateral no mesmo sentido";0;0;2;0;0;0;0;0;0;0;2;0;0;0;0
"05/07/2024";"05:10:00";"84";"Sem vítima";"86,500";"BR-369/PR";"Crescente";"Colisão transversal";2;0;0;0;0;0;0;0;0;0;2;0;0;0;0
"05/07/2024";"04:47:00";"199";"Sem vítima";"24,150";"BR-277/PR";"Crescente";"Colisão lateral no mesmo sentido";1;0;0;0;0;0;0;0;0;0;3;0;0;0;0
"05/07/2024";"05:53:46";"208";"Sem vítima";"1,500";"BR-277/PR";"Decrescente";"Queda de moto";0;0;0;1;0;0;0;0;0;0;1;0;0;0;0
"05/07/2024";"08:21:58";"227";"Sem vítima";"0,060";"BR-277/PR";"Decrescente";"Atropelamento de pedestre";0;0;0;1;0;0;0;0;0;0;1;0;0;0;0
"06/07/2024";"01:28:22";"26";"Sem vítima";"28,100";"508/PR";"Crescente";"Choque";1;0;0;0;0;0;0;0;0;0;1;0;0;0;0
"06/07/2024";"08:57:14";"92";"Sem vítima";"60,250";"BR-277/PR";"Crescente";"Colisão traseira";0;0;1;0;0;0;0;0;0;0;0;0;0;0;0
"06/07/2024";"12:18:53";"122";"Sem vítima";"36,376";"BR-277/PR";"Decrescente";"Choque";1;0;0;0;0;0;0;0;0;0;1;0;0;0;0
"06/07/2024";"03:23:59";"145";"Sem vítima";"10,711";"239/PR";"Crescente";"Colisão frontal";2;0;0;0;0;0;0;0;0;0;2;0;0;0;0
"06/07/2024";"04:36:00";"159";"Sem vítima";"36,420";"BR-277/PR";"Decrescente";"Choque";1;0;0;0;0;0;0;0;0;0;1;0;0;0;0
"06/07/2024";"06:48:00";"174";"Sem vítima";"18,100";"407/PR";"Decrescente";"Choque";1;0;0;0;0;0;0;0;0;0;1;0;0;0;0
"07/07/2024";"05:08:39";"39";"Com vítima";"70,489";"BR-277/PR";"Crescente";"Choque";1;0;0;0;0;0;0;0;0;0;0;0;0;0;0
"07/07/2024";"02:50:00";"119";"Sem vítima";"50,010";"BR-277/PR";"Decrescente";"Colisão traseira";1;0;0;0;0;0;0;0;0;1;5;0;0;0;0
"07/07/2024";"03:05:35";"122";"Sem vítima";"38,020";"BR-277/PR";"Crescente";"Choque";0;0;0;0;0;0;0;0;0;1;2;0;0;0;0
"07/07/2024";"08:38:33";"151";"Sem vítima";"70,499";"BR-277/PR";"Crescente";"Colisão traseira";1;0;0;0;0;0;0;0;0;0;1;0;0;0;0
"08/07/2024";"07:58:43";"92";"Com vítima";"43,816";"BR-277/PR";"Crescente";"Choque";0;0;0;0;0;0;0;0;0;1;0;0;0;0;0
"08/07/2024";"11:35:32";"128";"Sem vítima";"12,557";"508/PR";"Decrescente";"Capotamento";1;0;0;0;0;0;0;0;0;0;1;0;0;0;0
"08/07/2024";"04:36:21";"160";"Sem vítima";"67,100";"BR-277/PR";"Crescente";"Colisão lateral no mesmo sentido";1;0;1;0;0;0;0;0;0;0;2;0;0;0;0
"08/07/2024";"11:01:17";"22";"Com vítima";"5,009";"508/PR";"Crescente";"Atropelamento de pedestre";1;0;0;0;0;0;0;0;0;0;0;0;0;0;0
"09/07/2024";"04:19:18";"52";"Com vítima";"0,746";"BR-277/PR";"Decrescente";"Atropelamento de pedestre";0;0;2;1;0;0;0;0;0;0;2;0;0;0;1
"09/07/2024";"04:25:59";"59";"Sem vítima";"32,256";"BR-277/PR";"Crescente";"Capotamento";0;0;0;0;0;0;0;0;0;1;2;0;0;0;0
"09/07/2024";"07:39:54";"104";"Com vítima";"36,387";"BR-277/PR";"Decrescente";"Capotamento";1;0;0;0;0;0;0;0;0;0;0;0;0;0;0
"09/07/2024";"07:04:00";"189";"Com vítima";"22,330";"BR-277/PR";"Crescente";"Tombamento";0;0;1;0;0;0;0;0;0;0;0;0;0;0;0
"10/07/2024";"01:24:07";"23";"Sem vítima";"14,300";"BR-277/PR";"Decrescente";"Saída de pista";1;0;0;0;0;0;0;0;0;0;1;0;0;0;0
"10/07/2024";"03:08:00";"28";"Sem vítima";"70,316";"BR-277/PR";"Crescente";"Saída de pista";0;0;0;0;0;0;0;0;0;1;2;0;0;0;0
"10/07/2024";"04:40:00";"65";"Sem vítima";"70,950";"BR-277/PR";"Crescente";"Choque";1;0;0;0;0;0;0;0;0;0;1;0;0;0;0
"10/07/2024";"03:33:00";"184";"Com vítima";"15,480";"BR-277/PR";"Crescente";"Colisão transversal";1;0;0;1;0;0;0;0;0;0;1;0;0;0;1
"11/07/2024";"01:27:52";"171";"Com vítima";"76,885";"BR-277/PR";"Crescente";"Colisão lateral no mesmo sentido";0;0;0;1;1;0;0;0;0;0;1;0;0;0;0
"11/07/2024";"03:10:00";"181";"Sem vítima";"44,010";"BR-277/PR";"Decrescente";"Choque";1;0;0;0;0;0;0;0;0;0;1;0;0;0;0
"11/07/2024";"07:50:39";"217";"Sem vítima";"18,010";"407/PR";"Crescente";"Choque";1;0;0;0;0;0;0;0;0;0;1;0;0;0;0
"12/07/2024";"11:34:13";"150";"Sem vítima";"16,889";"BR-153/PR";"Decrescente";"Capotamento";1;0;0;0;0;0;0;0;0;0;4;0;0;0;0
"12/07/2024";"03:48:29";"175";"Sem vítima";"0,060";"407/PR";"Crescente";"Saída de pista";1;0;0;0;0;0;0;0;0;0;1;0;0;0;0
"12/07/2024";"04:00:00";"176";"Sem vítima";"75,300";"BR-277/PR";"Crescente";"Saída de pista";1;0;0;0;0;0;0;0;0;0;1;0;0;0;0
"12/07/2024";"04:01:13";"177";"Com vítima";"0,060";"407/PR";"Crescente";"Colisão traseira";1;0;0;0;0;0;0;0;0;0;0;0;0;0;0
"12/07/2024";"04:47:00";"184";"Sem vítima";"2,700";"407/PR";"Crescente";"Choque";1;0;0;0;0;0;0;0;0;0;1;0;0;0;0
"12/07/2024";"05:15:00";"191";"Sem vítima";"51,800";"BR-369/PR";"Decrescente";"Choque";1;0;0;0;0;0;0;0;0;0;3;0;0;0;0
"12/07/2024";"05:34:06";"194";"Com vítima";"29,700";"BR-277/PR";"Crescente";"Choque";1;0;0;0;0;0;0;0;0;0;0;0;0;0;0
"13/07/2024";"08:06:58";"74";"Sem vítima";"36,447";"BR-277/PR";"Decrescente";"Choque";1;0;0;0;0;0;0;0;0;0;1;0;0;0;0
"13/07/2024";"09:03:00";"85";"Sem vítima";"33,086";"BR-277/PR";"Decrescente";"Choque";1;0;0;0;0;0;0;0;0;0;1;0;0;0;0
"13/07/2024";"03:07:51";"143";"Com vítima";"63,130";"BR-277/PR";"Decrescente";"Capotamento";1;0;0;0;0;0;0;0;0;0;0;0;0;0;1
"13/07/2024";"03:38:00";"144";"Com vítima";"74,300";"BR-369/PR";"Crescente";"Tombamento";0;0;1;0;0;0;0;0;0;0;0;0;0;0;0
"13/07/2024";"04:16:41";"149";"Com vítima";"7,940";"BR-369/PR";"Crescente";"Colisão lateral no mesmo sentido";1;0;1;0;0;0;0;0;0;0;0;0;0;0;0
"13/07/2024";"04:40:00";"154";"Sem vítima";"47,340";"BR-369/PR";"Crescente";"Atropelamento de animal";2;0;0;0;0;0;0;0;0;0;2;0;0;0;0
"13/07/2024";"09:03:54";"1";"Sem vítima";"19,900";"BR-153/PR";"Crescente";"Colisão lateral no mesmo sentido";1;0;0;0;0;0;0;0;0;0;3;0;0;0;0
"14/07/2024";"12:27:14";"27";"Com vítima";"4,250";"407/PR";"Crescente";"Choque";1;0;0;0;0;0;0;0;0;0;0;0;0;0;0
"14/07/2024";"01:31:39";"30";"Sem vítima";"18,650";"BR-277/PR";"Decrescente";"Saída de pista";1;0;0;0;0;0;0;0;0;0;2;0;0;0;0
"14/07/2024";"05:30:10";"46";"Sem vítima";"22,210";"BR-153/PR";"Crescente";"Choque";1;0;0;0;0;0;0;0;0;0;1;0;0;0;0
"14/07/2024";"01:05:10";"118";"Com vítima";"25,487";"BR-153/PR";"Decrescente";"Colisão transversal";2;0;0;0;0;0;0;0;0;0;0;0;0;0;0
"14/07/2024";"01:10:07";"119";"Sem vítima";"38,414";"BR-277/PR";"Crescente";"Choque";0;0;0;0;0;0;0;0;0;1;3;0;0;0;0
"14/07/2024";"01:53:04";"128";"Com vítima";"32,259";"BR-277/PR";"Crescente";"Colisão lateral no mesmo sentido";2;0;0;0;0;0;0;0;0;0;1;0;0;0;0
"14/07/2024";"01:54:40";"129";"Sem vítima";"36,373";"BR-277/PR";"Decrescente";"Choque";1;0;0;0;0;0;0;0;0;0;2;0;0;0;0
"14/07/2024";"02:35:12";"134";"Com vítima";"38,500";"BR-277/PR";"Crescente";"Choque";1;0;0;0;0;0;0;0;0;0;2;0;0;0;0
"14/07/2024";"02:40:00";"135";"Sem vítima";"38,100";"BR-277/PR";"Crescente";"Saída de pista";1;0;0;0;0;0;0;0;0;0;1;0;0;0;0
"14/07/2024";"02:49:10";"139";"Sem vítima";"32,100";"BR-277/PR";"Decrescente";"Choque";1;0;0;0;0;0;0;0;0;0;1;0;0;0;0
"14/07/2024";"08:34:04";"168";"Com vítima";"3,500";"BR-277/PR";"Decrescente";"Queda de moto";0;0;0;1;0;0;0;0;0;0;0;0;0;0;0
"15/07/2024";"05:43:43";"82";"Sem vítima";"17,900";"407/PR";"Crescente";"Choque";1;0;0;0;0;0;0;0;0;0;1;0;0;0;0
"15/07/2024";"06:43:03";"91";"Com vítima";"43,400";"BR-277/PR";"Crescente";"Capotamento";1;0;0;0;0;0;0;0;0;0;0;0;0;0;0
"15/07/2024";"01:09:20";"151";"Sem vítima";"33,180";"BR-277/PR";"Crescente";"Choque";1;0;0;0;0;0;0;0;0;0;1;0;0;0;0
"15/07/2024";"07:03:43";"192";"Sem vítima";"23,423";"BR-153/PR";"Crescente";"Colisão transversal";2;0;0;0;0;1;0;0;0;0;5;0;0;0;0
"15/07/2024";"09:18:00";"12";"Com vítima";"44,640";"BR-369/PR";"Crescente";"Tombamento";0;0;1;0;0;0;0;0;0;0;0;0;0;0;0
"15/07/2024";"09:40:45";"21";"Sem vítima";"1,320";"BR-277/PR";"Crescente";"Colisão lateral no mesmo sentido";1;0;0;0;0;0;0;0;0;0;2;0;0;0;0
"16/07/2024";"06:03:00";"207";"Sem vítima";"29,490";"BR-277/PR";"Decrescente";"Choque";1;0;0;0;0;0;0;0;0;0;1;0;0;0;0
"17/07/2024";"05:35:07";"95";"Sem vítima";"36,530";"BR-277/PR";"Decrescente";"Colisão traseira";0;0;1;0;0;0;0;0;0;0;1;0;0;0;0
"17/07/2024";"10:36:23";"138";"Sem vítima";"60,250";"BR-277/PR";"Crescente";"Colisão traseira";2;0;0;0;0;0;0;0;0;0;2;0;0;0;0
"17/07/2024";"03:39:59";"192";"Sem vítima";"77,200";"BR-277/PR";"Crescente";"Colisão traseira";2;0;0;0;0;0;0;0;0;0;2;0;0;0;0
"17/07/2024";"03:58:08";"194";"Com vítima";"70,060";"BR-277/PR";"Crescente";"Engavetamento";2;0;0;0;0;0;0;0;0;1;0;0;0;0;0
"18/07/2024";"08:37:42";"123";"Com vítima";"3,587";"BR-277/PR";"Decrescente";"Colisão transversal";0;0;2;0;0;0;0;0;0;0;0;0;0;0;0
"18/07/2024";"11:17:49";"151";"Sem vítima";"22,769";"BR-153/PR";"Crescente";"Saída de pista";0;0;1;0;0;0;0;0;0;0;1;0;0;0;0
"18/07/2024";"11:27:34";"153";"Com vítima";"85,103";"BR-369/PR";"Decrescente";"Colisão traseira";2;0;0;0;0;0;0;0;0;0;0;0;0;0;0
"18/07/2024";"11:58:00";"22";"Sem vítima";"11,950";"407/PR";"Crescente";"Saída de pista";1;0;0;0;0;0;0;0;0;0;1;0;0;0;0
"19/07/2024";"10:23:57";"157";"Com vítima";"12,400";"BR-277/PR";"Decrescente";"Colisão lateral no mesmo sentido";1;0;1;0;0;0;0;0;0;0;2;0;0;0;0
"19/07/2024";"12:30:58";"184";"Com vítima";"9,730";"407/PR";"Decrescente";"Atropelamento de animal";0;0;0;1;0;0;0;0;0;0;0;0;0;0;0
"19/07/2024";"02:23:30";"198";"Com vítima";"60,300";"BR-277/PR";"Crescente";"Queda de moto";0;0;0;1;0;0;0;0;0;0;0;0;0;0;0
"19/07/2024";"02:29:02";"199";"Sem vítima";"76,010";"BR-277/PR";"Crescente";"Colisão traseira";1;0;0;0;0;0;0;0;0;0;1;0;0;0;0
"19/07/2024";"02:51:20";"203";"Com vítima";"74,010";"BR-277/PR";"Crescente";"Colisão traseira";0;0;0;1;0;0;0;0;0;1;1;0;0;0;0
"19/07/2024";"03:50:09";"209";"Sem vítima";"75,010";"BR-277/PR";"Crescente";"Colisão traseira";0;0;0;1;0;0;0;0;0;1;2;0;0;0;0
"19/07/2024";"07:05:45";"232";"Com vítima";"76,560";"BR-277/PR";"Crescente";"Atropelamento de pedestre";2;0;0;0;0;0;0;0;0;0;2;0;0;0;0
"20/07/2024";"08:31:00";"84";"Com vítima";"47,651";"BR-277/PR";"Decrescente";"Colisão lateral no mesmo sentido";1;0;0;1;0;0;0;0;0;0;4;0;0;0;0
"20/07/2024";"09:30:22";"91";"Com vítima";"28,700";"BR-153/PR";"Decrescente";"Queda de moto";0;0;0;1;0;0;0;0;0;0;0;0;0;0;0
"20/07/2024";"01:06:03";"132";"Sem vítima";"0,760";"407/PR";"Decrescente";"Saída de pista";0;0;0;1;0;0;0;0;0;0;1;0;0;0;0
"20/07/2024";"03:49:54";"156";"Sem vítima";"0,310";"BR-277/PR";"Decrescente";"Colisão transversal";2;0;0;0;0;0;0;0;0;0;2;0;0;0;0
"21/07/2024";"01:18:30";"26";"Com vítima";"25,300";"BR-369/PR";"Crescente";"Choque";1;0;0;0;0;0;0;0;0;0;0;0;0;0;0
"21/07/2024";"02:02:00";"28";"Com vítima";"0,410";"BR-277/PR";"Decrescente";"Choque";0;0;0;0;0;0;0;0;0;1;0;0;0;0;0
"21/07/2024";"04:49:48";"156";"Sem vítima";"66,580";"BR-277/PR";"Crescente";"Colisão traseira";1;0;0;0;0;0;0;0;0;0;2;0;0;0;0
"21/07/2024";"08:39:08";"187";"Com vítima";"0,200";"407/PR";"Decrescente";"Choque";1;0;0;0;0;0;0;0;0;0;0;0;0;0;0
"22/07/2024";"12:56:36";"20";"Com vítima";"7,352";"BR-277/PR";"Crescente";"Colisão lateral no mesmo sentido";1;0;0;1;0;0;0;0;0;0;3;0;0;0;0
"22/07/2024";"03:55:53";"26";"Sem vítima";"4,460";"BR-369/PR";"Crescente";"Choque";1;0;0;0;0;0;0;0;0;0;1;0;0;0;0
"23/07/2024";"03:57:00";"207";"Com vítima";"76,500";"BR-277/PR";"Crescente";"Colisão traseira";1;0;0;1;0;0;0;0;0;0;1;0;0;0;0
"23/07/2024";"09:14:01";"4";"Sem vítima";"70,500";"BR-277/PR";"Decrescente";"Capotamento";1;0;0;0;0;0;0;0;0;0;0;0;0;0;0
"24/07/2024";"03:34:05";"35";"Com vítima";"79,900";"BR-369/PR";"Decrescente";"Colisão lateral no mesmo sentido";1;0;0;1;0;0;0;0;0;0;2;0;0;0;0
"24/07/2024";"06:38:16";"226";"Com vítima";"29,030";"BR-153/PR";"Decrescente";"Colisão lateral no mesmo sentido";1;0;1;0;0;0;0;0;0;0;1;0;0;0;0
"24/07/2024";"11:51:03";"28";"Sem vítima";"40,690";"BR-277/PR";"Decrescente";"Choque";0;0;1;0;0;0;0;0;0;0;1;0;0;0;0
"25/07/2024";"05:13:00";"94";"Sem vítima";"69,360";"BR-369/PR";"Crescente";"Choque";1;0;0;0;0;0;0;0;0;0;2;0;0;0;0
"25/07/2024";"12:34:54";"187";"Com vítima";"12,200";"411/PR";"Crescente";"Capotamento";0;0;0;0;0;0;0;0;0;1;0;0;0;0;0
"25/07/2024";"03:14:24";"213";"Com vítima";"74,095";"BR-277/PR";"Crescente";"Colisão lateral no mesmo sentido";1;0;0;1;0;0;0;0;0;0;3;0;0;0;0
"25/07/2024";"03:43:50";"222";"Sem vítima";"74,080";"BR-277/PR";"Crescente";"Engavetamento";3;0;0;0;0;1;0;0;0;0;6;0;0;0;0
"26/07/2024";"11:19:00";"168";"Com vítima";"0,890";"407/PR";"Decrescente";"Queda de moto";0;0;0;1;0;0;0;0;0;0;0;0;0;0;0
"26/07/2024";"02:16:29";"205";"Com vítima";"71,920";"BR-277/PR";"Crescente";"Capotamento";1;0;0;0;0;0;0;0;0;0;0;0;0;0;0
"26/07/2024";"11:47:23";"18";"Com vítima";"67,350";"BR-277/PR";"Crescente";"Capotamento";1;0;0;0;0;0;0;0;0;0;0;0;0;0;1
"27/07/2024";"03:54:00";"28";"Sem vítima";"73,149";"BR-277/PR";"Crescente";"Capotamento";1;0;0;0;0;0;0;0;0;0;1;0;0;0;0
"27/07/2024";"07:32:39";"83";"Sem vítima";"4,320";"BR-369/PR";"Decrescente";"Capotamento";0;0;0;0;0;0;0;0;0;1;2;0;0;0;0
"27/07/2024";"09:52:00";"118";"Com vítima";"75,135";"BR-277/PR";"Crescente";"Choque";1;0;0;0;0;0;0;0;0;0;1;0;0;0;0
"27/07/2024";"02:37:18";"170";"Sem vítima";"36,800";"BR-277/PR";"Decrescente";"Saída de pista";0;0;1;0;0;0;0;0;0;0;1;0;0;0;0
"27/07/2024";"03:36:13";"176";"Com vítima";"75,519";"BR-277/PR";"Crescente";"Capotamento";1;0;0;0;0;0;0;0;0;0;0;0;0;0;0
"27/07/2024";"06:55:24";"197";"Com vítima";"56,060";"BR-277/PR";"Crescente";"Colisão transversal";2;0;0;0;0;0;0;0;0;0;0;0;0;0;0
"27/07/2024";"10:04:29";"14";"Com vítima";"78,150";"BR-277/PR";"Crescente";"Queda de moto";0;0;0;1;0;0;0;0;0;0;0;0;0;0;0
"28/07/2024";"05:50:34";"60";"Com vítima";"12,173";"BR-277/PR";"Decrescente";"Choque";1;0;0;0;0;0;0;0;0;0;0;0;0;0;0
"28/07/2024";"02:37:32";"178";"Com vítima";"20,200";"508/PR";"Decrescente";"Queda de moto";0;0;0;1;0;0;0;0;0;0;0;0;0;0;0
"28/07/2024";"03:03:49";"183";"Com vítima";"0,300";"508/PR";"Crescente";"Colisão frontal";1;0;0;1;0;0;0;0;0;0;3;0;0;0;0
"28/07/2024";"04:00:44";"200";"Sem vítima";"60,300";"BR-277/PR";"Decrescente";"Colisão transversal";1;0;0;0;0;0;0;0;0;1;3;0;0;0;0
"28/07/2024";"05:09:00";"211";"Com vítima";"71,100";"BR-277/PR";"Decrescente";"Queda de moto";0;0;0;1;0;0;0;0;0;0;0;0;0;0;0
